EmployeeID,FirstName,LastName,Department,Role,HireDate,TerminationDate,Gender,Location
E1640,Joseph,Étienne,FINANCE,FP&A Manager,30-May-2018,NaN,Non-Binary,Montpellier
E1403,Inès,Pereira,Human Resources,Controller,06-Mar-2021,NaN,Unknown,Paris
E1387,Caroline,Dias,hr,HR Data Scientist,10-Mar-2023,24-May-2025,Non-Binary,Paris
E1535,Dorothée,Dos Santos,Sales,Solutions Engineer,01-Dec-2015,NaN,NaN,Paris
E1252,Laurent,Mahe,Sales,Machine Learning Engineer,31-Jan-2021,NaN,Non-Binary,Paris
E1515,Yves,Couturier,Sales ,Frontend Engineer,20-Mar-2022,NaN,NaN,Nantes
E1192,Aurélie,Techer, Engineering,DevOps Engineer,13-Mar-2018,NaN,Non-Binary,Montpellier
E1960,Sébastien,Marques,sales,Sales Manager,17-Apr-2021,NaN,Unknown,Remote
E1330,Manon,Lejeune,hr,Controller,18-Jan-2018,NaN,NaN,Nantes
E1139,Julie,Dumas, Engineering,Talent Acquisition Specialist,13-Nov-2022,NaN,Male,Paris
E1303,René,Barbier,Marketing,Sales Manager,14-Nov-2017,NaN,Female,Paris
E1193,Xavier,Bourdon,hr,Regional Sales Director,24-Dec-2022,03-Dec-2024,NaN,Remote
E1136,Thomas,Besson,FINANCE,Backend Engineer,04-Jun-2018,12-Jun-2020,NaN,Lyon
E1432,Michèle,Barbe,Sales,Solutions Engineer,19-Dec-2017,NaN,Male,Bordeaux
E1064,Olivier,Perrot,Marketing,Analyst,15-Jun-2022,NaN,NaN,Lyon
E1818,Christelle,Alves,Sales,QA Engineer,16-Oct-2023,23-Dec-2024,Non-Binary,Lyon
E1463,Marc,Morin,FINANCE,FP&A Manager,07-Jan-2021,NaN,Unknown,Montpellier
E1293,Nicole,Maury,Human Resources,Controller,16-Aug-2018,NaN,Male,Lyon
E1225,Camille,Verdier,Finance,Compensation Analyst,13-Oct-2018,NaN,Unknown,Nantes
E1262,Louise,Gonzalez,hr,DevOps Engineer,22-Aug-2020,15-Jan-2023,"",Lyon
E1179,Lucie,Louis,NaN,Compensation Analyst,12-Dec-2022,NaN,Male,Montpellier
E1328,Nicole,Robert,Sales,DevOps Engineer,18-Sep-2019,NaN,"",Lyon
E1990,Alfred,Ledoux,Engineering,Product Marketing Manager,11-Jan-2016,12-Jul-2020,Non-Binary,Remote
E1275,Thérèse,Blanchet,sales,HR Coordinator,09-Nov-2022,16-May-2025,Male,Montpellier
E1027,Roland,Da Silva,sales,HR Business Partner,30-Sep-2024,NaN,Male,Lyon
E1563,Anouk,Durand,Finance,Associate,21-May-2024,02-Jul-2025,Female,Nantes
E1924,Émile,Gilbert,Human Resources,Sales Development Rep,09-Jan-2016,NaN,Unknown,Bordeaux
E1005,Patrick,Lemoine,Engineering,VP of Sales,16-Oct-2019,NaN,Male,Montpellier
E1460,Philippe,Aubry,HR,Financial Analyst,31-May-2019,31-May-2021,"",Remote
E1124,Alain,Gonzalez, Engineering,Social Media Manager,27-Oct-2022,NaN,Unknown,Bordeaux
E1178,Margaux,Marin,Sales ,Data Scientist,08-Sep-2020,NaN,Non-Binary,Bordeaux
E1340,Emmanuelle,Hamon,hr,Software Engineer,07-Nov-2017,NaN,NaN,Bordeaux
E1574,Margaud,Lacombe,Sales,Accountant,15-Nov-2020,15-Jul-2024,Female,Remote
E1707,Anaïs,Denis,Human Resources,Senior Software Engineer,01-Jan-2017,NaN,"",Paris
E1208,Olivie,Lagarde,Sales ,Account Executive,08-May-2016,NaN,"",Lyon
E1929,Jeannine,Gilbert,Engineering,Solutions Engineer,04-Nov-2023,NaN,Male,Bordeaux
E1309,Noémi,Laroche,FINANCE,Accountant,11-Dec-2022,NaN,Male,Montpellier
E1232,Jules,Rolland,Finance,Account Executive,13-Jan-2016,NaN,"",Montpellier
E1402,Robert,Carlier, Engineering,Inside Sales Rep,07-Nov-2021,22-Feb-2025,Female,Bordeaux
E1067,Gilbert,David,Marketing,Solutions Engineer,10-Feb-2023,NaN,"",Lyon
E1261,Henriette,Lebrun,HR,Software Engineer,28-Oct-2021,NaN,Female,Bordeaux
E1560,Marcelle,Louis,Finance,Solutions Engineer,04-Feb-2023,NaN,NaN,Lyon
E1748,Bernard,Bonneau, Engineering,Senior Accountant,03-May-2018,NaN,"",Nantes
E1901,Philippine,Roux,Finance,Data Scientist,01-Sep-2019,28-Oct-2022,NaN,Montpellier
E1419,Anaïs,Daniel,Sales ,Customer Success Manager,07-Nov-2023,NaN,Unknown,Paris
E1367,Édouard,Renaud,sales,Payroll Specialist,11-Jun-2018,26-Jan-2022,NaN,Nantes
E1558,Julien,Devaux,HR,HR Business Partner,05-Aug-2019,NaN,"",Nantes
E1820,Sébastien,Étienne,sales,Associate,07-Jan-2020,18-Jun-2023,"",Bordeaux
E1247,Lucas,Bouvet,Marketing,HR Coordinator,21-Jan-2022,28-May-2025,Male,Bordeaux
E1720,Françoise,Thibault,FINANCE,Compensation Analyst,11-Jul-2020,NaN,NaN,Nantes
E1471,Claude,Vincent,Engineering,Brand Manager,27-Jul-2022,NaN,"",Remote
E1638,Claire,Dumont,FINANCE,Solutions Engineer,13-Apr-2024,NaN,Unknown,Nantes
E1317,Christophe,Toussaint,HR,Associate,07-Dec-2022,24-Nov-2024,NaN,Lyon
E1993,Mathilde,Lebreton,sales,HR Coordinator,31-May-2020,NaN,Non-Binary,Lyon
E1430,Franck,Chauvet,HR,Specialist,23-May-2022,NaN,NaN,Bordeaux
E1039,Louis,Guillet, Engineering,Account Executive,28-Dec-2015,NaN,NaN,Nantes
E1687,Océane,Fournier,Sales ,HR Business Partner,14-Apr-2024,NaN,NaN,Montpellier
E1057,Françoise,Reynaud,FINANCE,Specialist,08-Oct-2023,NaN,Female,Montpellier
E1044,Anastasie,Andre,sales,Sales Development Rep,09-Mar-2017,NaN,Female,Bordeaux
E1313,Adrien,Guillaume,hr,Payroll Specialist,29-Jul-2023,NaN,Female,Nantes
E1805,Thierry,Maury,Sales,Customer Success Manager,25-Aug-2016,13-Nov-2023,Unknown,Bordeaux
E1899,Isaac,Faivre,FINANCE,HR Business Partner,28-Sep-2021,29-Jan-2023,Male,Montpellier
E1921,Danielle,Barthelemy,FINANCE,Controller,24-Sep-2016,NaN,Male,Bordeaux
E1320,Martine,Bodin,hr,Internal Auditor,20-Mar-2024,NaN,Male,Bordeaux
E1034,Théodore,Leroy, Engineering,Coordinator,15-Aug-2023,NaN,Female,Remote
E1954,Lucy,Guillaume,Human Resources,Coordinator,29-May-2016,NaN,Non-Binary,Lyon
E1565,Clémence,Rivière,Engineering,Customer Success Manager,04-Sep-2017,NaN,NaN,Lyon
E1695,Alix,Chauvin,"",VP of Sales,21-Sep-2016,NaN,Female,Bordeaux
E1966,Joséphine,Chauveau,Human Resources,Sales Manager,23-Dec-2019,NaN,NaN,Nantes
E1685,David,Gallet, Engineering,Technical Lead,19-Aug-2016,NaN,Male,Nantes
E1962,Marguerite,Godard,sales,Frontend Engineer,12-Jun-2023,NaN,Unknown,Remote
E1385,Emmanuelle,Lagarde,Sales ,Content Strategist,24-Apr-2017,NaN,Female,Montpellier
E1833,Lucy,Rémy,Sales ,Brand Manager,12-Nov-2015,NaN,NaN,Nantes
E1836,Bertrand,Germain,FINANCE,Analyst,23-Dec-2021,NaN,Female,Remote
E1553,Olivier,Aubert,Human Resources,Inside Sales Rep,15-Apr-2024,02-Sep-2025,Male,Nantes
E1235,Christiane,Hardy, Engineering,VP of Sales,29-Jul-2022,NaN,NaN,Lyon
E1154,Diane,Loiseau, Engineering,Talent Acquisition Specialist,13-Sep-2019,NaN,NaN,Remote
E1857,Arnaude,Legrand,Human Resources,Talent Acquisition Specialist,08-Apr-2019,27-Jun-2023,"",Remote
E1922,Laurent,Roche,Sales,Payroll Specialist,27-Dec-2020,NaN,NaN,Lyon
E1441,Michelle,Imbert,hr,Solutions Engineer,28-Nov-2018,NaN,Male,Paris
E1087,Élise,Cousin,sales,Machine Learning Engineer,09-Dec-2016,NaN,NaN,Remote
E1118,Joséphine,Gonzalez,Marketing,Inside Sales Rep,02-Feb-2022,19-Aug-2025,Non-Binary,Montpellier
E1764,Éric,Guichard,Sales,Product Marketing Manager,01-Sep-2022,NaN,Female,Nantes
E1536,Étienne,Hardy,HR,Analyst,06-Apr-2021,NaN,Non-Binary,Bordeaux
E1498,Christiane,Chauvet,FINANCE,Inside Sales Rep,26-Sep-2021,NaN,NaN,Remote
E1626,Théophile,Chevallier,HR,Solutions Engineer,29-Mar-2016,NaN,Female,Paris
E1520,Margaud,Girard,Human Resources,Machine Learning Engineer,29-Dec-2016,17-May-2022,NaN,Remote
E1102,Stéphane,Bouvier,sales,Talent Acquisition Specialist,29-May-2019,28-Apr-2025,Non-Binary,Nantes
E1465,Édith,Pruvost,Sales ,Account Executive,15-Apr-2016,NaN,Male,Montpellier
E1928,Thibaut,Marin,hr,Customer Success Manager,13-Aug-2020,NaN,NaN,Montpellier
E1294,Aimée,Renault,Engineering,QA Engineer,21-May-2022,NaN,"",Bordeaux
E1431,Olivier,Hamel, Engineering,Senior Software Engineer,20-Dec-2020,NaN,Male,Remote
E1619,Charlotte,Grondin,Marketing,Inside Sales Rep,02-Apr-2018,NaN,NaN,Bordeaux
E1562,Thibaut,Lebon,hr,Compensation Analyst,11-Apr-2022,NaN,Non-Binary,Remote
E1464,Pierre,Gosselin,Engineering,FP&A Manager,26-May-2020,NaN,NaN,Paris
E1388,Juliette,Coste,Marketing,Customer Success Manager,03-Jan-2023,NaN,"",Remote
E1905,Tristan,Lemaire,Engineering,HR Coordinator,08-Feb-2021,11-Mar-2025,Non-Binary,Bordeaux
E1831,Marcel,Mathieu,FINANCE,VP of Sales,02-Aug-2020,10-Sep-2025,Female,Nantes
E1318,Théodore,Jean,Sales ,VP of Sales,14-Apr-2024,NaN,Female,Lyon
E1345,Nicolas,Nguyen,HR,Regional Sales Director,06-Sep-2018,31-Aug-2025,"",Bordeaux
E1669,Diane,David,Marketing,Solutions Engineer,05-Aug-2016,24-Dec-2019,Unknown,Paris
E1370,Anaïs,Dijoux,Sales ,People Analyst,08-Nov-2017,28-Jul-2022,Male,Lyon
E1609,François,Rousset,Engineering,Customer Success Manager,16-Aug-2021,20-Sep-2022,Non-Binary,Lyon
E1184,Henri,Tessier,Engineering,Controller,21-Dec-2023,NaN,Female,Lyon
E1023,Claude,Renard, Engineering,Senior Accountant,24-Jan-2016,NaN,"",Nantes
E1605,Stéphanie,Dumont,hr,Regional Sales Director,20-Dec-2015,NaN,Male,Lyon
E1207,Brigitte,Merle,FINANCE,Coordinator,06-Apr-2019,27-Mar-2023,Unknown,Montpellier
E1651,Sabine,Jacques,Marketing,Content Strategist,08-Jul-2019,NaN,Non-Binary,Lyon
E1554,Franck,Poulain,Marketing,Marketing Manager,29-Jun-2021,NaN,NaN,Nantes
E1425,Philippine,Teixeira,Human Resources,Sales Development Rep,30-Aug-2016,12-Jun-2022,Non-Binary,Lyon
E1727,Agathe,Bouvier, Engineering,Coordinator,18-Apr-2024,NaN,Female,Bordeaux
E1789,Élodie,Guilbert,sales,Accountant,11-Mar-2023,NaN,Female,Bordeaux
E1198,Catherine,Boutin,Human Resources,Backend Engineer,26-Nov-2018,NaN,Female,Nantes
E1269,Amélie,Guillet,HR,SEO Specialist,07-Mar-2021,03-Nov-2022,NaN,Nantes
E1149,Célina,Lenoir,HR,FP&A Manager,14-Jun-2021,NaN,Non-Binary,Montpellier
E1829,Édith,Bertin,HR,Inside Sales Rep,27-Dec-2018,NaN,NaN,Nantes
E1969,Alice,Bruneau,Marketing,Accountant,14-Jan-2020,NaN,Unknown,Paris
E1259,Christelle,Bodin,Finance,Analyst,16-Apr-2018,NaN,Female,Lyon
E1878,Anne,Delannoy,Human Resources,Accountant,17-Oct-2016,NaN,NaN,Bordeaux
E1896,Andrée,Schmitt,HR,Internal Auditor,06-Sep-2019,NaN,Unknown,Paris
E1653,Laure,Pineau,HR,Senior Software Engineer,03-May-2018,NaN,Non-Binary,Lyon
E1713,Pénélope,Mathieu,hr,Senior Software Engineer,17-Dec-2016,NaN,"",Bordeaux
E1030,Frédérique,Royer,HR,Sales Development Rep,22-Oct-2020,NaN,Non-Binary,Remote
E1229,Adrien,Munoz,sales,Sales Development Rep,22-Mar-2023,NaN,"",Remote
E1368,Alexandrie,Renaud,Sales,Account Executive,18-Jun-2021,NaN,Female,Remote
E1877,Virginie,Prévost,Marketing,Senior Software Engineer,26-Dec-2022,NaN,"",Nantes
E1682,Alex,Guyon,hr,Senior Accountant,10-Nov-2020,23-Jul-2022,Male,Montpellier
E1265,Charlotte,Renard,"",Inside Sales Rep,29-Oct-2021,02-Jan-2025,Female,Nantes
E1324,Zacharie,Delorme,Sales,Sales Development Rep,26-May-2018,22-May-2022,Unknown,Paris
E1821,Noël,Parent,hr,Customer Success Manager,26-Dec-2015,NaN,Female,Montpellier
E1322,Franck,Jacob,hr,Senior Accountant,26-Jun-2021,NaN,Unknown,Montpellier
E1859,Augustin,Fischer,Finance,Internal Auditor,28-Feb-2020,NaN,Unknown,Paris
E1236,Louise,Descamps,Sales ,Sales Development Rep,02-May-2016,NaN,Male,Remote
E1624,Sabine,Gillet,Marketing,HR Data Scientist,17-Apr-2024,20-Jul-2025,NaN,Bordeaux
E1696,Camille,Roussel,sales,Machine Learning Engineer,07-Oct-2020,22-Nov-2022,Unknown,Remote
E1567,Nath,Da Costa,HR,VP of Sales,21-Aug-2017,NaN,NaN,Montpellier
E1643,Margaud,Mahe,Engineering,Sales Manager,09-Jul-2024,NaN,Non-Binary,Lyon
E1347,Adèle,Lebon,sales,Senior Accountant,02-Oct-2024,NaN,NaN,Bordeaux
E1615,Valentine,Laroche,Engineering,FP&A Manager,20-Apr-2023,NaN,Female,Montpellier
E1940,Julien,Robert,sales,FP&A Manager,01-Sep-2016,NaN,Unknown,Montpellier
E1176,Victor,David,Engineering,Inside Sales Rep,19-Feb-2023,27-Jan-2025,Male,Montpellier
E1888,Bernadette,Hamel,sales,Sales Manager,21-Feb-2024,05-May-2025,NaN,Nantes
E1080,Thierry,Leroux,Engineering,Analyst,28-Mar-2019,29-Oct-2022,NaN,Nantes
E1411,Marcel,Moulin,FINANCE,Payroll Specialist,19-Oct-2017,31-Oct-2018,Unknown,Remote
E1233,Antoine,Benoit,Finance,Sales Development Rep,27-Mar-2024,NaN,"",Remote
E1971,Joseph,Blanchet,Engineering,Associate,03-Apr-2024,NaN,NaN,Nantes
E1680,Martin,Gosselin, Engineering,Senior Accountant,14-Feb-2019,NaN,Unknown,Remote
E1753,Victoire,Chauvet, Engineering,People Analyst,08-Apr-2018,NaN,Non-Binary,Bordeaux
E1668,Hortense,Allain,sales,HR Machine Learning Engineer,18-May-2022,NaN,Male,Nantes
E1337,Caroline,Roux,sales,VP of Sales,22-Feb-2023,NaN,"",Nantes
E1253,Alex,Paris,sales,Analyst,22-Mar-2021,NaN,"",Nantes
E1841,Adèle,Ledoux,hr,Specialist,14-Aug-2017,NaN,"",Nantes
E1744,Philippe,Pottier,sales,Controller,17-Feb-2019,NaN,Male,Paris
E1211,Christelle,Ledoux,sales,HR Data Scientist,29-Oct-2020,30-Nov-2024,Male,Nantes
E1254,Nath,Samson,Sales,Engineering Manager,18-Jun-2022,NaN,Female,Nantes
E1934,Adrienne,Collin,Engineering,HR Data Scientist,30-Jun-2016,31-Dec-2018,Non-Binary,Remote
E1144,Agathe,Allain,sales,Machine Learning Engineer,15-Jun-2024,NaN,Non-Binary,Nantes
E1295,Maggie,Lecomte,Sales ,Analyst,13-Nov-2020,NaN,"",Remote
E1361,Augustin,Dumas,Sales ,Financial Analyst,13-Dec-2019,NaN,NaN,Bordeaux
E1188,Éléonore,Petitjean,Sales,Graphic Designer,14-Sep-2023,NaN,Female,Paris
E1224,Édouard,Marchal,HR,DevOps Engineer,11-Feb-2023,NaN,Unknown,Paris
E1942,Jeanne,Jean,Sales,Account Executive,18-Nov-2021,NaN,Male,Paris
E1397,Timothée,Lefebvre,Sales,SEO Specialist,17-Apr-2016,22-Nov-2023,"",Paris
E1956,Nicole,Moreau,sales,Data Scientist,20-Aug-2017,NaN,"",Montpellier
E1925,Margaret,Albert,Engineering,Talent Acquisition Specialist,20-Jan-2016,NaN,Unknown,Montpellier
E1200,Pierre,Jacquet,FINANCE,Senior Software Engineer,17-May-2022,21-Jan-2025,Female,Paris
E1072,Julien,Brun,FINANCE,Specialist,12-Jun-2018,NaN,"",Bordeaux
E1344,Noël,Delannoy,Marketing,Account Executive,15-Aug-2020,27-Jul-2022,Female,Bordeaux
E1548,Élodie,Lelièvre,Sales,Accountant,18-Feb-2017,08-Sep-2023,"",Paris
E1689,Alexandria,Guillou,HR,Specialist,08-Oct-2016,27-Oct-2020,"",Paris
E1478,Monique,Pires,Human Resources,FP&A Manager,09-Nov-2019,13-Aug-2025,Unknown,Remote
E1547,Nathalie,Boyer,HR,Software Engineer,19-Jun-2020,NaN,Non-Binary,Bordeaux
E1798,Bertrand,Hamon, Engineering,Solutions Engineer,24-Nov-2018,20-Mar-2022,Non-Binary,Lyon
E1462,Michel,Brun,Human Resources,Inside Sales Rep,07-May-2019,NaN,Unknown,Lyon
E1365,Alex,Gomes,Sales ,Analyst,27-Mar-2024,02-Sep-2025,NaN,Montpellier
E1454,Brigitte,Raynaud, Engineering,Coordinator,07-Apr-2023,31-Mar-2025,NaN,Montpellier
E1075,Andrée,Munoz,Engineering,Internal Auditor,17-Dec-2021,20-Jan-2024,Female,Lyon
E1616,Michèle,Gautier,Sales ,Coordinator,03-Jan-2020,NaN,NaN,Remote
E1508,Lucas,Blanc,Engineering,QA Engineer,16-Aug-2022,28-Jan-2024,"",Nantes
E1583,Alexandre,Humbert,HR,Machine Learning Engineer,28-Sep-2021,21-Oct-2024,Unknown,Paris
E1015,Émile,Albert,sales,Controller,24-Mar-2019,19-Dec-2023,NaN,Remote
E1083,Inès,Lemoine,hr,Content Strategist,18-Feb-2016,NaN,"",Nantes
E1717,Antoinette,Durand,Engineering,Specialist,12-Nov-2019,NaN,Unknown,Nantes
E1415,Alexandrie,Sanchez,Finance,Talent Acquisition Specialist,26-Jan-2024,NaN,NaN,Remote
E1209,Charles,Bertin,Finance,Sales Development Rep,08-Feb-2017,NaN,NaN,Montpellier
E1824,Grégoire,Menard,Sales ,Inside Sales Rep,06-Nov-2016,NaN,Female,Bordeaux
E1105,Alexandria,Dubois,Sales,Associate,27-Apr-2017,NaN,Female,Nantes
E1788,Sabine,Berthelot,FINANCE,Senior Accountant,08-Dec-2023,NaN,"",Montpellier
E1195,Emmanuel,Georges,FINANCE,Internal Auditor,03-Dec-2022,NaN,Male,Montpellier
E1446,Daniel,Monnier,Sales ,Software Engineer,28-Mar-2022,NaN,Male,Paris
E1775,Luce,Martinez, Engineering,Sales Development Rep,29-Oct-2018,13-Oct-2025,Male,Montpellier
E1505,Richard,Maillot,hr,Solutions Engineer,14-Apr-2020,NaN,"",Lyon
E1058,Élisabeth,Pasquier,Sales,Marketing Manager,02-May-2022,NaN,Unknown,Nantes
E1011,Michel,Delaunay,Engineering,Talent Acquisition Specialist,15-Aug-2024,NaN,Unknown,Nantes
E1006,Renée,Maillard,Engineering,Account Executive,26-Mar-2018,NaN,Male,Lyon
E1326,Vincent,Lefort,"",Content Strategist,10-Jan-2021,29-Jul-2025,"",Remote
E1525,Cécile,Wagner,FINANCE,Customer Success Manager,19-Mar-2018,09-Jul-2021,NaN,Lyon
E1489,Émile,Faivre,Human Resources,Coordinator,24-Apr-2020,NaN,Female,Bordeaux
E1941,Stéphane,Rocher,Sales,Analyst,26-Jun-2021,NaN,"",Bordeaux
E1222,Virginie,Pons,Engineering,Machine Learning Engineer,24-Sep-2021,23-Apr-2023,"",Remote
E1958,Daniel,Guillet,Finance,Specialist,25-Aug-2022,NaN,Male,Bordeaux
E1765,Benjamin,Lucas,FINANCE,HR Coordinator,27-Sep-2019,19-Mar-2022,NaN,Remote
E1892,Gilles,Blanchet,hr,Social Media Manager,21-Oct-2022,NaN,Female,Montpellier
E1084,Claudine,Riou,hr,Coordinator,12-Apr-2022,NaN,Female,Remote
E1867,Théodore,Raymond,FINANCE,HR Machine Learning Engineer,12-Aug-2021,NaN,Female,Montpellier
E1177,Sylvie,Meyer,hr,HR Business Partner,07-Aug-2022,24-Mar-2024,Female,Nantes
E1639,Jeannine,Bertrand,Sales ,Associate,24-Jun-2022,22-Mar-2024,Unknown,Lyon
E1737,Bernadette,Carre,Sales ,Backend Engineer,01-Jan-2024,NaN,Male,Bordeaux
E1228,Hélène,Charrier,Marketing,Controller,17-Dec-2019,NaN,Male,Bordeaux
E1245,Éric,Seguin,Marketing,Digital Marketing Analyst,18-Sep-2017,NaN,"",Bordeaux
E1412,Éléonore,Parent,FINANCE,HR Business Partner,28-Mar-2017,NaN,Male,Nantes
E1040,Michèle,Lemaire,Sales ,Machine Learning Engineer,28-Mar-2020,NaN,Male,Bordeaux
E1204,Louis,Lamy,FINANCE,Accountant,03-Mar-2023,NaN,"",Nantes
E1636,Corinne,Blanchard,Sales,Specialist,17-Nov-2019,05-Feb-2021,NaN,Bordeaux
E1479,Océane,Gomes,Marketing,Inside Sales Rep,30-Mar-2017,NaN,Non-Binary,Lyon
E1801,Clémence,Salmon,Human Resources,FP&A Manager,27-Jun-2024,31-Aug-2025,Male,Paris
E1091,Paulette,Roger, Engineering,Senior Software Engineer,15-Nov-2019,NaN,Female,Paris
E1120,Christiane,Bouchet,Sales,Customer Success Manager,19-Jul-2018,NaN,Male,Montpellier
E1719,François,Laurent,Finance,VP of Sales,18-Nov-2017,09-Apr-2023,Female,Paris
E1203,Édouard,Dupont,Sales,Senior Accountant,26-Jan-2018,23-Jun-2025,NaN,Remote
E1355,Caroline,Valentin,Human Resources,Social Media Manager,21-Nov-2020,NaN,Female,Bordeaux
E1529,Alain,Hernandez,Human Resources,People Analyst,29-Jul-2019,NaN,Male,Remote
E1297,Aimé,Benoit,Sales ,HR Machine Learning Engineer,15-Mar-2023,NaN,Female,Lyon
E1853,Marcel,Julien,hr,Controller,01-Mar-2017,01-May-2021,Unknown,Remote
E1122,Noémi,Petit,Engineering,Digital Marketing Analyst,31-Oct-2024,NaN,"",Lyon
E2000,Léon,Baudry, Engineering,Payroll Specialist,17-Feb-2022,NaN,"",Paris
E1467,Daniel,Briand,sales,Payroll Specialist,01-Feb-2017,NaN,Female,Bordeaux
E1889,François,Clément,hr,People Analyst,20-Jan-2021,18-Jan-2023,Male,Nantes
E1671,Valérie,Samson,FINANCE,Machine Learning Engineer,26-Jun-2021,19-Sep-2022,Male,Bordeaux
E1665,Élise,Couturier,Sales ,Payroll Specialist,17-Jul-2017,NaN,Male,Paris
E1010,Chantal,Gérard,FINANCE,Product Marketing Manager,17-Aug-2022,15-Mar-2025,Unknown,Montpellier
E1810,Margaret,Blanchet,HR,Senior Software Engineer,25-Aug-2023,04-Feb-2025,Male,Nantes
E1109,Patricia,Fernandes, Engineering,Inside Sales Rep,10-Nov-2019,NaN,"",Lyon
E1663,Guy,Reynaud,Engineering,Senior Accountant,05-Nov-2022,NaN,Unknown,Bordeaux
E1089,Nathalie,Grenier,Marketing,Graphic Designer,04-Mar-2022,NaN,"",Montpellier
E1757,Nicole,Lemaître,hr,Payroll Specialist,09-Sep-2024,26-Sep-2025,Non-Binary,Remote
E1146,Mathilde,Rodriguez,HR,HR Machine Learning Engineer,16-Nov-2022,NaN,Unknown,Remote
E1263,Gabrielle,Bourdon, Engineering,Backend Engineer,22-Apr-2020,NaN,Female,Montpellier
E1865,Laurence,Didier,Marketing,Accountant,17-May-2016,27-Oct-2017,Male,Remote
E1421,Nathalie,Hebert,Sales ,Digital Marketing Analyst,31-Jan-2016,01-Oct-2018,Female,Bordeaux
E1071,Arnaude,Adam,Human Resources,Engineering Manager,17-May-2022,08-Jan-2025,Male,Montpellier
E1219,Emmanuelle,Neveu,Sales,Coordinator,30-Oct-2023,NaN,Female,Nantes
E1667,Alexandre,Gilbert,hr,Sales Development Rep,09-Jan-2019,NaN,"",Remote
E1690,Céline,Auger, Engineering,Social Media Manager,17-Aug-2019,NaN,Non-Binary,Paris
E1375,Nathalie,Fournier,hr,Sales Development Rep,31-Dec-2020,04-Dec-2024,Male,Remote
E1823,René,Muller,Marketing,Internal Auditor,28-Mar-2016,31-Oct-2022,Unknown,Bordeaux
E1794,Jean,Marchand,Human Resources,Associate,17-Oct-2023,NaN,NaN,Lyon
E1090,Chantal,Sanchez,Sales,Account Executive,10-May-2017,NaN,Non-Binary,Remote
E1173,Zacharie,Martineau,Finance,Solutions Engineer,30-Aug-2019,NaN,"",Paris
E1360,Laetitia,Marques,Sales ,Digital Marketing Analyst,07-Nov-2015,NaN,NaN,Remote
E1364,Martine,Hamon,FINANCE,Inside Sales Rep,25-Jun-2022,10-Sep-2025,Female,Paris
E1322,Marie,Grenier,FINANCE,HR Machine Learning Engineer,24-Jul-2023,27-Mar-2025,NaN,Paris
E1879,Henri,Chauveau,Sales,Regional Sales Director,31-Mar-2024,29-May-2025,Unknown,Nantes
E1728,Victor,Duval,hr,HR Business Partner,23-Mar-2023,NaN,Female,Nantes
E1837,Margaux,Turpin,Marketing,Technical Lead,26-May-2024,NaN,"",Paris
E1482,Anne,Fabre,Human Resources,Inside Sales Rep,14-May-2017,NaN,Female,Nantes
E1790,Laurence,Lefèvre,FINANCE,Customer Success Manager,17-Jul-2017,NaN,Unknown,Nantes
E1884,Sylvie,Lebreton,FINANCE,Software Engineer,21-Oct-2022,NaN,Male,Remote
E1549,Suzanne,Thomas,"",Financial Analyst,14-May-2018,NaN,Unknown,Lyon
E1100,Matthieu,Launay,Sales ,Internal Auditor,22-Feb-2017,NaN,NaN,Bordeaux
E1721,Charles,Joly,FINANCE,Regional Sales Director,17-Jan-2018,22-Apr-2024,Non-Binary,Lyon
E1621,Corinne,Olivier,FINANCE,Regional Sales Director,19-Mar-2021,NaN,Female,Montpellier
E1443,Grégoire,Fernandez,FINANCE,Brand Manager,11-May-2023,NaN,"",Remote
E1883,Agnès,Ruiz,Sales,Controller,15-Oct-2022,NaN,"",Paris
E1620,Odette,Robert,sales,Software Engineer,21-Aug-2020,NaN,Male,Paris
E1830,Cécile,Allain,Engineering,Financial Analyst,09-Dec-2021,NaN,"",Bordeaux
E1839,Sophie,Bourdon,hr,Specialist,27-Nov-2017,NaN,NaN,Montpellier
E1099,Arnaude,Hubert,Finance,Internal Auditor,11-Jul-2024,NaN,Male,Bordeaux
E1726,Célina,Diallo,sales,Data Scientist,25-Dec-2018,20-Apr-2022,Non-Binary,Lyon
E1657,Maggie,Besnard,Sales,Customer Success Manager,07-Jun-2024,NaN,Female,Paris
E1351,Céline,Peltier,sales,Graphic Designer,09-Dec-2019,NaN,Unknown,Bordeaux
E1724,Claudine,Michel,Engineering,Backend Engineer,03-Nov-2019,NaN,Female,Nantes
E1399,Raymond,Becker,hr,Account Executive,24-Oct-2019,NaN,NaN,Nantes
E1997,Sabine,Legros,Finance,Analyst,18-Jul-2024,NaN,Male,Montpellier
E1983,Claire,Leclercq, Engineering,Sales Development Rep,21-Nov-2021,NaN,Unknown,Nantes
E1487,Océane,Maillard,HR,Controller,03-Sep-2022,NaN,NaN,Nantes
E1989,Susan,Robin,FINANCE,Senior Accountant,11-Jan-2018,NaN,Female,Paris
E1056,Hugues,Barthelemy,Sales,Sales Manager,21-Oct-2016,NaN,Female,Lyon
E1575,Marguerite,Paris,HR,HR Machine Learning Engineer,10-Jun-2021,NaN,Non-Binary,Remote
E1107,Laetitia,Le Roux,Sales,VP of Sales,14-Apr-2021,NaN,"",Remote
E1517,Maurice,Marchand,Engineering,Inside Sales Rep,11-May-2023,NaN,Unknown,Nantes
E1838,Suzanne,Klein,"",Associate,08-Dec-2015,NaN,Female,Nantes
E1341,Philippine,Fournier,HR,People Analyst,15-Sep-2021,NaN,NaN,Remote
E1492,Monique,Blin,Engineering,Software Engineer,15-Dec-2021,02-Oct-2023,Female,Remote
E1980,Maryse,Guillet,Marketing,HR Business Partner,24-Oct-2016,10-Sep-2019,Male,Bordeaux
E1964,Gilbert,Dumas, Engineering,Specialist,06-Jul-2017,NaN,Male,Bordeaux
E1074,Agathe,Brun,sales,Coordinator,14-Nov-2015,26-Mar-2019,Male,Lyon
E1569,Catherine,Martin,Sales ,Customer Success Manager,24-Nov-2023,20-Apr-2025,Male,Lyon
E1315,Arnaude,Guillou,FINANCE,Technical Lead,30-Jul-2018,NaN,Female,Montpellier
E1372,Margaux,Blanc, Engineering,Financial Analyst,30-Oct-2019,NaN,Non-Binary,Remote
E1733,Victoire,Barbier,Sales,Graphic Designer,20-Mar-2016,18-Dec-2021,Non-Binary,Paris
E1226,Constance,Breton, Engineering,Sales Development Rep,27-Feb-2022,NaN,Unknown,Nantes
E1816,Vincent,Pierre,sales,Account Executive,18-Aug-2024,06-Oct-2025,Non-Binary,Lyon
E1793,Gilles,Blondel,HR,Customer Success Manager,28-Jul-2024,30-Jul-2025,Male,Remote
E1302,Olivie,Raynaud,sales,Controller,17-Jan-2023,NaN,Female,Bordeaux
E1751,David,De Oliveira,sales,Technical Lead,24-Dec-2018,NaN,Male,Montpellier
E1714,Danielle,Lenoir,Sales ,Senior Software Engineer,13-Aug-2019,NaN,"",Paris
E1881,Auguste,Pinto,HR,Controller,16-Nov-2021,NaN,Female,Bordeaux
E1935,Aimé,Raymond,Engineering,VP of Sales,27-Feb-2016,21-Mar-2024,Non-Binary,Lyon
E1931,Marthe,Léger, Engineering,Content Strategist,05-Dec-2020,NaN,NaN,Bordeaux
E1323,Anastasie,Le Roux,hr,Specialist,01-Dec-2022,NaN,Male,Paris
E1592,Amélie,Fontaine,Engineering,HR Data Scientist,17-Feb-2024,NaN,Non-Binary,Montpellier
E1919,Arthur,Albert,Engineering,Specialist,17-Apr-2016,NaN,Non-Binary,Nantes
E1758,Arnaude,Henry,Sales,Associate,21-Apr-2022,05-Jul-2023,Non-Binary,Remote
E1904,Jules,Robin, Engineering,Talent Acquisition Specialist,16-Dec-2022,13-Apr-2024,Unknown,Bordeaux
E1206,Céline,Dias,Human Resources,Product Marketing Manager,25-May-2016,21-Aug-2020,Unknown,Nantes
E1991,Jules,Henry,Engineering,SEO Specialist,15-Aug-2016,NaN,Male,Nantes
E1493,Margot,Thibault,Finance,Frontend Engineer,05-May-2022,NaN,"",Montpellier
E1248,Édouard,Techer,Sales ,Frontend Engineer,20-Dec-2019,31-Aug-2022,Non-Binary,Bordeaux
E1035,Maggie,Renaud,HR,Software Engineer,03-May-2019,NaN,"",Remote
E1677,Suzanne,Joseph, Engineering,Coordinator,02-Jun-2023,NaN,Unknown,Montpellier
E1650,Henriette,Roux,Marketing,Analyst,11-Mar-2023,NaN,Unknown,Nantes
E1390,Vincent,Joly,Finance,Accountant,04-Oct-2018,31-Dec-2021,NaN,Lyon
E1264,Robert,Seguin, Engineering,Backend Engineer,26-Sep-2022,NaN,Unknown,Nantes
E1147,Vincent,Mercier,FINANCE,Coordinator,04-Nov-2022,NaN,Unknown,Paris
E1974,Matthieu,Adam,Sales,Controller,14-Jul-2018,17-Aug-2025,Female,Remote
E1183,Margot,Bailly,Finance,VP of Sales,06-Jul-2021,NaN,Female,Bordeaux
E1474,David,Costa, Engineering,Sales Development Rep,03-Dec-2023,NaN,NaN,Nantes
E1174,Adrienne,Hervé,hr,Frontend Engineer,02-Jul-2021,NaN,NaN,Remote
E1092,Agnès,Leroux, Engineering,People Analyst,05-Mar-2017,NaN,"",Bordeaux
E1880,Véronique,Normand,FINANCE,VP of Sales,02-Dec-2021,NaN,Non-Binary,Nantes
E1979,Marthe,De Oliveira,FINANCE,Inside Sales Rep,20-Dec-2023,NaN,Non-Binary,Nantes
E1156,Maryse,Baron,Marketing,Backend Engineer,05-Sep-2023,01-Oct-2025,Female,Nantes
E1723,Alice,Camus,Marketing,HR Data Scientist,14-Sep-2023,NaN,"",Remote
E1327,Dominique,Jacques,Human Resources,Financial Analyst,06-Sep-2024,NaN,Female,Remote
E1079,Vincent,Chartier,Sales ,HR Coordinator,14-Dec-2015,NaN,Unknown,Lyon
E1967,Robert,Boulanger,HR,Talent Acquisition Specialist,18-Apr-2024,NaN,NaN,Montpellier
E1669,Noémi,Charpentier,Finance,Compensation Analyst,10-Feb-2024,NaN,Female,Paris
E1608,Vincent,Rocher, Engineering,Engineering Manager,28-Jul-2020,NaN,"",Bordeaux
E1268,Olivie,Dumas,Engineering,Software Engineer,11-Jan-2016,23-Sep-2024,NaN,Montpellier
E1042,Maggie,Le Gall,NaN,Inside Sales Rep,28-Jul-2019,NaN,Male,Paris
E1002,Théophile,Valentin, Engineering,Frontend Engineer,11-Jul-2024,NaN,Male,Paris
E1291,Margot,Bonnet, Engineering,Backend Engineer,03-Jul-2016,NaN,Female,Nantes
E1866,Christine,Lacombe,"",Content Strategist,20-Feb-2019,NaN,Female,Bordeaux
E1948,Bernadette,Legrand, Engineering,Associate,12-Jan-2019,NaN,NaN,Remote
E1171,Andrée,Noël,FINANCE,Frontend Engineer,21-Dec-2015,NaN,Male,Bordeaux
E1266,Claude,Payet,FINANCE,HR Business Partner,28-Aug-2019,23-Dec-2021,NaN,Nantes
E1972,Émile,Gérard,Marketing,Associate,12-Sep-2020,NaN,Female,Nantes
E1594,Timothée,Royer,sales,Brand Manager,06-Mar-2022,24-Jul-2025,NaN,Paris
E1864,Jules,Duhamel,hr,Payroll Specialist,09-Nov-2018,29-Jun-2024,Non-Binary,Montpellier
E1688,Alix,Benard,Finance,HR Machine Learning Engineer,25-Sep-2017,NaN,"",Bordeaux
E1202,Gabriel,Dumont,Sales ,Senior Software Engineer,31-May-2019,NaN,NaN,Montpellier
E1401,Julien,Sanchez,Human Resources,QA Engineer,12-Nov-2023,NaN,Female,Paris
E1600,Marianne,Marchand,hr,Specialist,01-Nov-2018,NaN,Unknown,Bordeaux
E1627,Guy,Mahe,Marketing,Machine Learning Engineer,07-May-2020,NaN,"",Bordeaux
E1577,Isaac,Marchand,hr,HR Business Partner,20-Feb-2017,20-Sep-2020,Unknown,Paris
E1778,Anouk,Colas,Human Resources,HR Business Partner,29-Aug-2023,10-Jan-2025,NaN,Remote
E1285,Jérôme,Allain,Finance,Talent Acquisition Specialist,17-Jun-2019,NaN,Unknown,Remote
E1485,Honoré,Chauvin,Marketing,Backend Engineer,06-Dec-2020,30-May-2025,Unknown,Lyon
E1239,Nath,Didier,hr,Internal Auditor,01-Apr-2019,NaN,Non-Binary,Paris
E1986,Michelle,Giraud,FINANCE,Controller,01-Sep-2017,02-Nov-2021,Unknown,Bordeaux
E1873,François,Marin,Sales,Internal Auditor,24-Oct-2017,NaN,Non-Binary,Lyon
E1110,Frédérique,Humbert,Sales ,Payroll Specialist,14-Jul-2024,NaN,Unknown,Nantes
E1863,Gabrielle,Langlois,Human Resources,Graphic Designer,04-Apr-2019,15-Aug-2020,"",Bordeaux
E1585,Marie,Bailly,hr,Inside Sales Rep,20-May-2022,NaN,Unknown,Lyon
E1511,Patricia,Gomes,Sales ,Sales Manager,01-Jul-2021,19-Mar-2024,Unknown,Nantes
E1233,Nathalie,Barthelemy,Marketing,Analyst,02-Apr-2019,NaN,Female,Paris
E1097,Nathalie,Da Costa,FINANCE,QA Engineer,28-Feb-2023,07-Dec-2024,Unknown,Nantes
E1795,Geneviève,Fouquet,Finance,Account Executive,11-May-2021,28-Mar-2023,Male,Lyon
E1887,Gabriel,Vidal,Human Resources,Solutions Engineer,18-Dec-2018,02-Feb-2020,Male,Lyon
E1381,Auguste,Huet,HR,People Analyst,28-Mar-2020,NaN,Female,Montpellier
E1292,Matthieu,Vincent,Sales,HR Machine Learning Engineer,03-Jan-2022,NaN,Unknown,Remote
E1308,Thérèse,Ledoux,Sales,Senior Accountant,31-Jan-2020,24-Feb-2021,Non-Binary,Paris
E1409,Laurent,Thierry,hr,Marketing Manager,21-Apr-2023,NaN,NaN,Nantes
E1257,Thérèse,Lenoir,FINANCE,HR Business Partner,04-Nov-2015,NaN,Unknown,Montpellier
E1050,Simone,Fernandez,sales,Senior Software Engineer,08-Feb-2021,NaN,"",Nantes
E1767,Maggie,Schneider,Sales ,Accountant,07-Jul-2022,13-Jul-2024,Unknown,Montpellier
E1278,Zoé,Navarro,Sales,HR Data Scientist,13-Mar-2018,NaN,"",Montpellier
E1542,Frédéric,Rocher, Engineering,Content Strategist,21-Dec-2020,NaN,NaN,Nantes
E1930,Nath,Didier,Human Resources,Account Executive,23-Sep-2024,25-Sep-2025,Unknown,Bordeaux
E1847,François,Bazin,Finance,Analyst,03-Dec-2015,28-Feb-2025,Female,Lyon
E1481,Rémy,Masse,Marketing,Coordinator,18-Jul-2019,NaN,NaN,Lyon
E1141,Élisabeth,Arnaud,Finance,People Analyst,28-Mar-2019,NaN,"",Paris
E1312,Henriette,Maillot,FINANCE,Graphic Designer,27-Jul-2023,NaN,Female,Nantes
E1255,Maggie,Pineau,HR,Accountant,03-Dec-2022,NaN,"",Paris
E1804,Sylvie,Leduc,sales,Sales Development Rep,23-Mar-2023,09-Apr-2024,Non-Binary,Montpellier
E1858,François,Muller,Sales ,Sales Development Rep,18-Oct-2021,11-May-2023,NaN,Montpellier
E1813,Noël,Navarro,Marketing,Solutions Engineer,09-Jun-2020,14-Apr-2022,"",Paris
E1314,Élisabeth,Lebreton, Engineering,Customer Success Manager,27-Mar-2023,NaN,NaN,Remote
E1380,Zacharie,Joly,hr,Controller,28-Jul-2023,03-Jan-2025,Non-Binary,Lyon
E1068,Nicole,Breton,Sales ,Senior Software Engineer,29-Nov-2019,NaN,Male,Paris
E1127,Marine,Diallo,sales,SEO Specialist,16-Apr-2023,11-May-2025,Non-Binary,Montpellier
E1499,Geneviève,Meyer,Finance,Engineering Manager,15-Jun-2018,NaN,NaN,Remote
E1140,Adrienne,Le Goff,NaN,Coordinator,12-Mar-2019,26-Oct-2021,Non-Binary,Lyon
E1792,Marcel,Rossi,Sales ,Senior Accountant,16-Mar-2022,03-Mar-2025,NaN,Montpellier
E1352,Christiane,Becker,Sales ,Sales Manager,13-Aug-2018,NaN,Unknown,Paris
E1646,Alexandrie,Dumas,sales,Sales Manager,01-Apr-2024,NaN,"",Lyon
E1768,Xavier,Rémy,HR,HR Machine Learning Engineer,26-Mar-2019,08-May-2021,"",Montpellier
E1832,Jacques,Laroche,Sales ,Account Executive,23-Oct-2016,NaN,NaN,Paris
E1477,Michel,Delannoy,Engineering,HR Business Partner,10-May-2019,NaN,NaN,Paris
E1516,Camille,Garnier,Finance,Machine Learning Engineer,18-Apr-2023,23-Jul-2024,NaN,Remote
E1480,Aurore,Le Roux, Engineering,Specialist,14-Aug-2017,26-Jul-2021,NaN,Paris
E1458,Astrid,Parent,Sales,Analyst,03-Jul-2024,21-Jul-2025,Unknown,Montpellier
E1101,Eugène,Fontaine,Sales ,FP&A Manager,01-Feb-2024,NaN,Female,Remote
E1060,Simone,Lebrun,hr,Data Scientist,12-Jun-2020,18-Jan-2024,Unknown,Lyon
E1267,Dorothée,Poirier,Engineering,Associate,15-Nov-2023,26-Nov-2024,Female,Remote
E1843,Margaud,Sanchez,Human Resources,People Analyst,01-Mar-2022,NaN,NaN,Remote
E1435,Véronique,Delmas,Finance,Analyst,06-Jan-2018,NaN,Unknown,Bordeaux
E1453,Aimé,Petitjean,Human Resources,Internal Auditor,30-Jun-2017,25-Mar-2021,Non-Binary,Remote
E1756,Alice,Poulain,Sales ,Accountant,11-Nov-2023,19-Feb-2025,Male,Nantes
E1752,Roger,Gautier, Engineering,HR Data Scientist,21-Dec-2020,NaN,Unknown,Bordeaux
E1495,Paul,Loiseau,HR,Controller,18-Feb-2018,NaN,"",Nantes
E1346,Alex,Guillet,Sales,Marketing Manager,09-Sep-2016,NaN,NaN,Nantes
E1475,Théophile,Guillaume,NaN,Associate,13-May-2023,NaN,"",Paris
E1729,Anouk,Nicolas,Human Resources,Graphic Designer,06-Feb-2021,22-Oct-2025,Female,Nantes
E1190,Amélie,Deschamps,hr,VP of Sales,23-Jan-2017,NaN,Female,Montpellier
E1373,Denise,Becker,hr,Digital Marketing Analyst,19-Jul-2022,NaN,Female,Paris
E1488,Stéphanie,Launay,Sales ,Solutions Engineer,01-Jan-2022,16-Jan-2025,NaN,Nantes
E1584,Vincent,Gonzalez, Engineering,Digital Marketing Analyst,27-Aug-2022,10-Dec-2023,Female,Paris
E1197,Hélène,Garnier,NaN,Associate,02-Jun-2020,NaN,Unknown,Nantes
E1164,Claudine,Valette,Engineering,Senior Accountant,04-Nov-2018,NaN,Male,Montpellier
E1070,Marianne,Gros,FINANCE,Account Executive,15-Jun-2016,27-May-2021,Unknown,Paris
E1966,Noémi,Andre,Sales,Engineering Manager,19-Jul-2022,04-Apr-2025,NaN,Lyon
E1848,Cécile,Antoine,Human Resources,People Analyst,11-Apr-2019,NaN,NaN,Bordeaux
E1455,Célina,Rolland,hr,Associate,22-Nov-2016,NaN,Female,Nantes
E1329,Lorraine,Rolland,Human Resources,HR Business Partner,25-Mar-2022,NaN,Male,Lyon
E1416,Margaud,Marty,"",Inside Sales Rep,28-Nov-2016,NaN,Unknown,Nantes
E1845,Michelle,Pierre,hr,Digital Marketing Analyst,04-Mar-2024,NaN,"",Remote
E1199,Yves,Gomez, Engineering,Sales Manager,15-Sep-2022,NaN,NaN,Paris
E1422,Augustin,Bernier,Engineering,Talent Acquisition Specialist,27-Nov-2019,NaN,Male,Montpellier
E1581,Renée,Bailly,Engineering,HR Coordinator,20-Apr-2017,NaN,Female,Nantes
E1617,Matthieu,Lebrun,Finance,Senior Accountant,02-Jul-2016,22-Nov-2020,Female,Paris
E1932,Nathalie,Fernandes,sales,Software Engineer,11-Jun-2022,22-Dec-2024,NaN,Montpellier
E1570,Yves,Chrétien,Finance,Accountant,20-Feb-2018,NaN,"",Montpellier
E1369,Joséphine,Laine,Finance,Graphic Designer,06-Dec-2021,NaN,Non-Binary,Bordeaux
E1289,Nathalie,Pichon,hr,Product Marketing Manager,08-Apr-2020,07-Mar-2024,Female,Paris
E1641,Gabriel,Lambert,Human Resources,Inside Sales Rep,21-Feb-2021,23-Jan-2024,Female,Paris
E1780,Simone,Barre,Sales ,Financial Analyst,17-Mar-2022,NaN,Non-Binary,Remote
E1391,Thomas,Dijoux,sales,Analyst,30-Jan-2021,NaN,Unknown,Lyon
E1162,Pierre,Ollivier,Human Resources,Analyst,12-May-2018,NaN,Male,Bordeaux
E1691,Paul,Cordier,Human Resources,Financial Analyst,30-Mar-2024,NaN,Unknown,Montpellier
E1890,Gabriel,Chevallier,"",Inside Sales Rep,02-Nov-2018,NaN,"",Lyon
E1718,Antoinette,Guérin, Engineering,Customer Success Manager,10-Oct-2023,NaN,Non-Binary,Bordeaux
E1742,Monique,Duhamel,FINANCE,Frontend Engineer,10-Nov-2020,NaN,"",Lyon
E1159,Laetitia,Hernandez,Engineering,VP of Sales,07-Mar-2020,25-Oct-2022,Male,Paris
E1732,Antoine,Fournier,Human Resources,Digital Marketing Analyst,19-May-2016,NaN,NaN,Montpellier
E1155,Michèle,Jourdan,Finance,Backend Engineer,05-Dec-2015,NaN,Unknown,Montpellier
E1271,Alexandre,Charpentier,NaN,Regional Sales Director,26-Oct-2022,NaN,Non-Binary,Remote
E1276,Margaud,Chauveau,Finance,Machine Learning Engineer,23-Jan-2021,NaN,Male,Bordeaux
E1037,Marthe,Fleury,Sales ,People Analyst,12-Feb-2016,NaN,NaN,Bordeaux
E1744,Émilie,Grenier,HR,Inside Sales Rep,17-Sep-2022,NaN,Male,Montpellier
E1918,Agathe,Gosselin, Engineering,Associate,06-Dec-2019,NaN,Male,Bordeaux
E1633,Théophile,Pasquier,FINANCE,Controller,13-Mar-2024,NaN,"",Paris
E1016,Agathe,Bailly,Marketing,SEO Specialist,22-Jan-2022,NaN,Non-Binary,Bordeaux
E1350,Louise,Robin,"",Financial Analyst,04-Nov-2020,27-Sep-2025,Non-Binary,Montpellier
E1835,Marcelle,Aubry,FINANCE,VP of Sales,12-Nov-2017,NaN,Non-Binary,Remote
E1019,Nicole,Morvan,hr,Software Engineer,18-Jul-2016,NaN,Non-Binary,Nantes
E1513,André,Millet,sales,Product Marketing Manager,24-Nov-2021,NaN,Female,Remote
E1151,Guillaume,Tanguy,sales,Analyst,10-Nov-2023,NaN,Unknown,Paris
E1131,Véronique,Dufour,Finance,Specialist,02-Jun-2016,NaN,Non-Binary,Nantes
E1031,Charlotte,Menard,Sales,Data Scientist,06-May-2019,NaN,NaN,Paris
E1157,Célina,Philippe,HR,Technical Lead,29-Dec-2018,NaN,Non-Binary,Paris
E1286,Pauline,Gosselin,hr,Product Marketing Manager,19-Jan-2022,NaN,Female,Bordeaux
E1551,Claude,Maurice, Engineering,Content Strategist,04-Jul-2020,NaN,NaN,Montpellier
E1438,Honoré,Lefebvre,HR,Payroll Specialist,26-Dec-2020,04-Nov-2024,Male,Montpellier
E1597,Franck,Martineau,HR,Internal Auditor,28-Oct-2021,NaN,Male,Remote
E1062,Victor,Chrétien,Sales,FP&A Manager,30-Sep-2020,NaN,Male,Montpellier
E1283,Guillaume,Marin,hr,HR Coordinator,04-Apr-2016,25-Jun-2021,Unknown,Lyon
E1869,Théophile,Delattre,sales,Sales Development Rep,24-Feb-2019,NaN,Non-Binary,Remote
E1700,Aimé,Weber,Engineering,DevOps Engineer,13-Jun-2021,NaN,Unknown,Lyon
E1642,Xavier,Regnier,FINANCE,Inside Sales Rep,09-Jan-2020,NaN,"",Nantes
E1249,Isabelle,Duhamel,Engineering,Compensation Analyst,26-Nov-2022,25-Sep-2024,Male,Paris
E1708,Guillaume,Lopez,hr,VP of Sales,04-Jun-2023,NaN,Unknown,Remote
E1201,Margaux,Lecomte,FINANCE,Accountant,12-Mar-2024,06-Jul-2025,Male,Montpellier
E1400,Gabriel,Bonnin,Sales,FP&A Manager,24-Sep-2020,09-Apr-2023,Non-Binary,Bordeaux
E1692,Colette,Barre,FINANCE,SEO Specialist,22-Jan-2019,26-Oct-2024,Female,Bordeaux
E1279,Amélie,Pons,Marketing,Associate,02-Dec-2021,NaN,"",Remote
E1165,Martine,Lesage,Sales,Account Executive,22-May-2021,NaN,Unknown,Bordeaux
E1994,Lucas,Fabre,Human Resources,Analyst,05-Aug-2016,NaN,"",Nantes
E1678,Nathalie,Pires,"",Senior Software Engineer,25-Sep-2024,12-Oct-2025,"",Remote
E1762,Amélie,Bazin,"",Software Engineer,21-Mar-2023,27-Jul-2024,Female,Nantes
E1822,Gérard,Regnier,Finance,Analyst,01-Dec-2022,23-Feb-2024,Male,Montpellier
E1210,Adrien,Sauvage,FINANCE,Marketing Manager,17-Jun-2022,27-Jul-2023,NaN,Nantes
E1773,Margaud,Hubert,Engineering,Specialist,18-Mar-2018,NaN,Female,Lyon
E1486,Étienne,Lefèvre,"",People Analyst,29-Sep-2018,NaN,Male,Paris
E1796,François,Tessier,Sales ,Customer Success Manager,22-Feb-2021,NaN,Male,Bordeaux
E1811,Eugène,Hoarau,Finance,Backend Engineer,05-Apr-2018,NaN,Female,Montpellier
E1809,François,Chevalier, Engineering,Internal Auditor,31-Aug-2022,NaN,Unknown,Lyon
E1003,Daniel,Guérin,Sales ,Specialist,15-Nov-2019,NaN,Male,Montpellier
E1914,Colette,Fernandez,Engineering,Financial Analyst,03-Jan-2023,NaN,Female,Montpellier
E1343,Roger,Normand,hr,Solutions Engineer,15-Nov-2020,25-Aug-2025,Male,Bordeaux
E1761,Étienne,Fontaine,Human Resources,Internal Auditor,31-Jan-2018,09-Jun-2025,NaN,Bordeaux
E1773,Aimée,Renault,hr,Financial Analyst,04-Jan-2021,NaN,Unknown,Nantes
E1349,Suzanne,Mary,Human Resources,Software Engineer,12-Aug-2021,NaN,Non-Binary,Montpellier
E1059,Daniel,Maurice,Sales,Specialist,03-Mar-2024,NaN,Unknown,Nantes
E1862,Nath,Grégoire, Engineering,DevOps Engineer,25-Jul-2023,NaN,Non-Binary,Paris
E1296,Brigitte,Guyon,Engineering,Social Media Manager,29-Sep-2020,NaN,NaN,Lyon
E1304,Dominique,Moulin,FINANCE,Digital Marketing Analyst,20-Nov-2016,NaN,Unknown,Remote
E1658,Alfred,Jacquot,Engineering,Data Scientist,29-Dec-2023,NaN,NaN,Nantes
E1123,Clémence,Bouchet,FINANCE,Senior Software Engineer,11-Mar-2016,NaN,Non-Binary,Lyon
E1426,Eugène,Pelletier,Sales,Financial Analyst,08-Dec-2015,NaN,"",Lyon
E1808,Aurélie,Barbier,hr,People Analyst,14-Dec-2020,NaN,Non-Binary,Nantes
E1786,Camille,Salmon,hr,Product Marketing Manager,09-Oct-2024,NaN,Non-Binary,Montpellier
E1223,Alexandria,Torres,sales,HR Data Scientist,03-Apr-2022,NaN,Female,Bordeaux
E1947,Victoire,Navarro, Engineering,Backend Engineer,07-Sep-2020,NaN,Non-Binary,Bordeaux
E1130,Simone,Perrot,sales,FP&A Manager,25-Jul-2019,NaN,Non-Binary,Paris
E1656,Isaac,Grégoire,Finance,VP of Sales,12-Dec-2021,NaN,Non-Binary,Lyon
E1628,Emmanuel,Faivre, Engineering,Inside Sales Rep,02-Mar-2022,NaN,NaN,Paris
E1632,Nath,Gosselin,Sales,Account Executive,23-Jan-2019,NaN,"",Montpellier
E1241,Capucine,Lombard,Sales ,Solutions Engineer,19-Feb-2016,NaN,Male,Remote
E1743,Maryse,Lebrun,Engineering,QA Engineer,05-Feb-2021,NaN,Unknown,Nantes
E1738,Maryse,Robert,hr,Frontend Engineer,10-Sep-2024,NaN,NaN,Remote
E1965,Marine,Bouvet,Engineering,Payroll Specialist,16-Jun-2021,NaN,Female,Nantes
E1602,Anouk,Techer,NaN,FP&A Manager,30-Oct-2020,NaN,"",Bordeaux
E1500,Patricia,Vallée,Marketing,HR Data Scientist,03-Feb-2024,NaN,NaN,Lyon
E1557,Roland,Gilles,Marketing,HR Business Partner,16-Sep-2018,NaN,"",Remote
E1552,Robert,Cohen,Human Resources,VP of Sales,26-Mar-2024,18-Oct-2025,"",Nantes
E1854,Sophie,Berthelot,Marketing,Regional Sales Director,14-Mar-2023,NaN,Non-Binary,Paris
E1745,Zoé,François,Sales,Talent Acquisition Specialist,13-Jul-2023,NaN,NaN,Paris
E1451,Christine,Lombard,sales,Engineering Manager,21-Oct-2022,NaN,NaN,Montpellier
E1776,Georges,Gimenez,Sales ,Internal Auditor,18-Oct-2019,NaN,Non-Binary,Remote
E1354,Charles,Jacquot,Engineering,Brand Manager,04-Sep-2017,NaN,Female,Paris
E1580,Daniel,Raymond,HR,Analyst,27-Dec-2016,NaN,Unknown,Montpellier
E1803,Augustin,Costa,Marketing,Payroll Specialist,06-Jul-2017,NaN,"",Paris
E1995,Victor,Clément, Engineering,People Analyst,15-Oct-2021,06-Jul-2024,Non-Binary,Lyon
E1395,Victoire,Lévêque,hr,HR Data Scientist,03-Apr-2024,NaN,Male,Lyon
E1907,Sabine,Lebreton,Sales,Controller,20-Feb-2022,22-Mar-2024,Female,Montpellier
E1473,Daniel,Berger,sales,Content Strategist,11-Oct-2019,26-Dec-2024,Non-Binary,Remote
E1506,Michèle,Guyot,Sales ,Senior Software Engineer,03-Apr-2024,NaN,NaN,Nantes
E1666,Arnaude,Lebon,hr,Senior Accountant,11-Nov-2020,NaN,NaN,Paris
E1894,Bertrand,Andre,Sales,Financial Analyst,19-Feb-2018,NaN,NaN,Remote
E1088,Laurent,Laroche,Marketing,Associate,22-Jul-2016,NaN,Male,Remote
E1998,Monique,Reynaud,Engineering,Accountant,13-Feb-2021,NaN,Unknown,Bordeaux
E1578,Nathalie,Gomez,FINANCE,QA Engineer,21-Sep-2023,NaN,Female,Remote
E1774,Daniel,Clerc,Sales ,Compensation Analyst,29-Sep-2021,NaN,Unknown,Montpellier
E1212,Capucine,Gauthier,Sales,Machine Learning Engineer,18-Mar-2016,05-Jan-2020,Male,Remote
E1679,Frédéric,Poirier,FINANCE,People Analyst,22-Jul-2019,NaN,Unknown,Paris
E1077,Marthe,Delaunay,NaN,Financial Analyst,12-Apr-2016,NaN,"",Paris
E1834,Agathe,Weiss,Finance,Regional Sales Director,04-Feb-2022,NaN,NaN,Lyon
E1085,Augustin,Reynaud,Human Resources,HR Coordinator,18-Dec-2017,NaN,Male,Lyon
E1366,Édouard,Colin, Engineering,Customer Success Manager,02-Jan-2018,NaN,NaN,Bordeaux
E1132,Pauline,Gallet,sales,Coordinator,06-Jun-2017,24-Jan-2020,Unknown,Montpellier
E1614,Emmanuelle,Lambert,FINANCE,Inside Sales Rep,09-Dec-2015,NaN,Unknown,Lyon
E1410,Bertrand,Simon,Finance,People Analyst,19-Jun-2023,23-Aug-2024,Female,Remote
E1251,Timothée,Meyer,Engineering,Customer Success Manager,25-Nov-2019,07-Nov-2022,NaN,Paris
E1706,Nicole,Joly,hr,HR Machine Learning Engineer,25-Apr-2017,NaN,NaN,Paris
E1290,Denis,Evrard,Human Resources,Account Executive,07-Feb-2018,NaN,Unknown,Paris
E1789,Édith,Hubert,hr,Sales Development Rep,27-Jun-2019,NaN,"",Montpellier
E1949,Marc,Gros,Finance,QA Engineer,22-Jan-2018,NaN,Unknown,Lyon
E1953,Luc,Barbe,Sales ,Engineering Manager,31-Dec-2021,NaN,Male,Montpellier
E1872,Andrée,Clément,hr,VP of Sales,12-Mar-2019,03-Jan-2023,NaN,Bordeaux
E1371,Henriette,Aubry,Engineering,Inside Sales Rep,14-Sep-2022,NaN,Male,Bordeaux
E1098,Antoine,Diallo,Marketing,HR Data Scientist,28-Jun-2016,08-Nov-2021,NaN,Lyon
E1374,Jérôme,Pires,Human Resources,Sales Manager,03-Jul-2016,21-Jul-2019,Female,Nantes
E1709,Pénélope,Neveu,HR,Machine Learning Engineer,28-Jun-2019,NaN,"",Bordeaux
E1625,Nicole,David,Human Resources,HR Coordinator,04-Sep-2016,NaN,Female,Remote
E1378,Corinne,Pineau,Sales,Talent Acquisition Specialist,25-Sep-2018,NaN,"",Paris
E1747,Hortense,Blanchard,Marketing,VP of Sales,28-Apr-2018,03-Feb-2020,Male,Bordeaux
E1760,Marianne,David,Engineering,Customer Success Manager,15-Dec-2018,NaN,Female,Bordeaux
E1384,Noémi,Blin,Human Resources,Coordinator,14-Feb-2016,07-Apr-2017,NaN,Remote
E1944,Robert,Dupont,Sales,Machine Learning Engineer,07-Jul-2021,20-Nov-2022,NaN,Bordeaux
E1277,Julie,Gonzalez,Sales ,Senior Software Engineer,20-Jun-2020,17-Aug-2021,NaN,Lyon
E1538,François,Marie,Engineering,Sales Development Rep,07-Sep-2023,NaN,Non-Binary,Remote
E1049,Claudine,Hervé, Engineering,Internal Auditor,27-Aug-2019,04-May-2025,Female,Bordeaux
E1336,Édouard,Fouquet,Marketing,Frontend Engineer,28-Apr-2021,NaN,NaN,Montpellier
E1968,Théophile,Blot,Sales ,Senior Accountant,04-Jun-2019,NaN,Male,Montpellier
E1270,Valentine,Rousseau,Engineering,Coordinator,03-Mar-2020,NaN,NaN,Remote
E1442,Nicolas,Dumas, Engineering,HR Data Scientist,02-Oct-2021,NaN,"",Bordeaux
E1791,Frédérique,Navarro,sales,Senior Accountant,19-Feb-2024,NaN,Unknown,Lyon
E1891,Valérie,Camus,Marketing,Software Engineer,22-Sep-2018,05-Oct-2021,Non-Binary,Nantes
E1450,Léon,Camus,hr,HR Machine Learning Engineer,19-Nov-2016,NaN,Female,Montpellier
E1961,Christine,Diaz,Human Resources,VP of Sales,22-Jun-2020,NaN,Non-Binary,Bordeaux
E1546,Maurice,Adam,HR,Senior Accountant,18-Jun-2020,21-Mar-2024,"",Montpellier
E1348,Denis,Humbert,Sales,Solutions Engineer,14-Mar-2020,NaN,NaN,Lyon
E1119,Marthe,Lesage, Engineering,Social Media Manager,01-Mar-2016,25-Jan-2025,Non-Binary,Bordeaux
E1895,Martin,Payet,Engineering,Accountant,18-Dec-2018,NaN,"",Lyon
E1456,Constance,Giraud, Engineering,Customer Success Manager,15-Jun-2022,02-May-2024,Male,Remote
E1046,Susanne,Paul,sales,Associate,24-Oct-2021,NaN,Female,Nantes
E1169,Frédéric,Maillard,Marketing,QA Engineer,06-Mar-2021,NaN,Non-Binary,Remote
E1407,Pauline,Bonneau,HR,Analyst,31-Jul-2016,NaN,Unknown,Bordeaux
E1912,Josette,Deschamps,Human Resources,Account Executive,30-May-2020,25-Feb-2022,Unknown,Montpellier
E1376,Laurent,Pruvost,HR,Coordinator,20-Jun-2020,NaN,NaN,Paris
E1704,Édith,Jacquet,Sales ,People Analyst,02-Apr-2024,NaN,Non-Binary,Paris
E1490,Hugues,Brunet,Sales,Solutions Engineer,18-May-2019,12-Dec-2024,Unknown,Lyon
E1766,Émile,Chevallier,Human Resources,HR Business Partner,24-May-2019,NaN,Unknown,Bordeaux
E1772,Édouard,Colin,HR,QA Engineer,10-Apr-2022,NaN,Male,Montpellier
E1189,Nathalie,Traore,hr,Senior Accountant,21-Jul-2018,29-Jun-2025,Female,Nantes
E1698,Roger,Gaudin,NaN,HR Data Scientist,03-May-2018,11-May-2025,"",Montpellier
E1622,William,Richard,hr,HR Coordinator,15-Jan-2020,NaN,Non-Binary,Remote
E1898,Alphonse,Roussel,Engineering,Customer Success Manager,29-Dec-2019,21-Oct-2025,"",Lyon
E1875,Sophie,Joseph,FINANCE,Customer Success Manager,29-Nov-2021,NaN,Female,Remote
E1497,Aimée,Lopez,Human Resources,Accountant,30-Mar-2024,NaN,Female,Lyon
E1936,Nicolas,Perrin,Sales ,Account Executive,26-Dec-2015,NaN,Male,Montpellier
E1510,Gérard,Colin,Sales,Payroll Specialist,18-Apr-2023,NaN,"",Bordeaux
E1850,Nath,Hoareau,sales,Digital Marketing Analyst,05-Jun-2018,NaN,Female,Bordeaux
E1846,Édith,Didier,Finance,Compensation Analyst,27-Apr-2017,07-May-2023,"",Lyon
E1041,Gérard,Guillot,Engineering,Frontend Engineer,18-Aug-2023,20-Aug-2025,"",Nantes
E1623,Marianne,Bigot, Engineering,Analyst,25-Oct-2016,NaN,NaN,Nantes
E1814,Suzanne,Giraud,Human Resources,HR Machine Learning Engineer,09-Dec-2018,NaN,Non-Binary,Nantes
E1915,Aimée,Hervé, Engineering,Regional Sales Director,26-Jan-2023,NaN,NaN,Paris
E1194,Robert,Legros,Sales ,Software Engineer,23-Oct-2022,NaN,Male,Paris
E1484,Hortense,Charrier,Sales ,Specialist,25-Jul-2022,NaN,Female,Montpellier
E1240,Martine,Maillet,FINANCE,SEO Specialist,03-Jul-2018,30-Aug-2025,Non-Binary,Nantes
E1990,Laurence,Renault,Sales,Sales Manager,31-Jul-2018,NaN,NaN,Paris
E1325,Adèle,Maréchal,Sales,Coordinator,23-Dec-2016,NaN,NaN,Nantes
E1406,Claude,Moreno,Engineering,Sales Manager,29-Sep-2019,NaN,Non-Binary,Nantes
E1911,Noël,Gallet,Sales ,People Analyst,18-Jul-2020,NaN,Male,Montpellier
E1310,Alain,Mahe,Engineering,Accountant,10-Aug-2018,17-Mar-2021,Female,Montpellier
E1735,Pierre,Raymond,Engineering,Coordinator,07-May-2021,NaN,Male,Montpellier
E1526,Olivier,Paris,Sales ,Machine Learning Engineer,24-Mar-2022,NaN,Unknown,Paris
E1353,Célina,Boutin,sales,Account Executive,29-Nov-2016,NaN,NaN,Remote
E1160,Lorraine,Boulanger,FINANCE,People Analyst,12-Jul-2024,NaN,Male,Paris
E1825,Bernard,Lemaire,hr,FP&A Manager,26-Dec-2021,12-Jul-2023,Female,Bordeaux
E1734,Thomas,Courtois, Engineering,People Analyst,09-Nov-2018,NaN,Unknown,Paris
E1672,Camille,Carre,sales,Talent Acquisition Specialist,10-May-2021,14-Dec-2022,Female,Remote
E1903,Michèle,Laine,Sales ,Customer Success Manager,18-Dec-2015,06-Oct-2020,"",Paris
E1284,Brigitte,Hervé,Finance,Compensation Analyst,13-Dec-2023,08-Mar-2025,NaN,Montpellier
E1523,Luc,Aubert,Human Resources,Analyst,07-Apr-2022,NaN,NaN,Remote
E1785,Pierre,Roche,Marketing,People Analyst,09-Sep-2023,26-Aug-2025,Unknown,Bordeaux
E1703,Grégoire,Hoareau,Sales ,Technical Lead,18-Apr-2018,NaN,NaN,Montpellier
E1648,François,Camus,Engineering,Backend Engineer,21-Dec-2017,24-Oct-2021,NaN,Paris
E1503,Stéphanie,Vincent,sales,Sales Manager,20-Jun-2016,NaN,Non-Binary,Nantes
E1711,Jacqueline,Hardy,sales,Account Executive,14-Jan-2021,NaN,Unknown,Remote
E1556,Adèle,Loiseau,Engineering,Compensation Analyst,15-Apr-2024,NaN,Female,Lyon
E1541,Zoé,Collin,FINANCE,Coordinator,25-May-2018,NaN,Non-Binary,Bordeaux
E1274,Aimée,Bègue,HR,People Analyst,01-Dec-2019,26-Dec-2021,Male,Paris
E1429,Frédéric,Masson,FINANCE,Software Engineer,19-Apr-2018,NaN,Unknown,Lyon
E1532,Thérèse,Da Costa,Sales,People Analyst,04-Nov-2022,NaN,Female,Nantes
E1900,Madeleine,Lefebvre,hr,Associate,09-Feb-2018,NaN,Unknown,Lyon
E1916,Suzanne,Guibert,sales,Payroll Specialist,28-Mar-2016,NaN,Unknown,Nantes
E1029,Alexandria,Dias,Marketing,Sales Development Rep,08-Apr-2021,NaN,Male,Paris
E1142,Léon,Marin,Sales ,Technical Lead,04-Mar-2023,NaN,Non-Binary,Lyon
E1579,Andrée,Bouvier,Sales,Customer Success Manager,17-Apr-2016,NaN,Female,Lyon
E1045,Bernard,Muller,HR,Graphic Designer,29-Jan-2017,29-May-2025,Non-Binary,Paris
E1874,Sébastien,Hervé,HR,DevOps Engineer,14-Jun-2018,NaN,"",Remote
E1906,Christine,Hoareau,Sales,Technical Lead,22-Nov-2016,24-May-2019,NaN,Nantes
E1540,Georges,Leblanc,Sales,HR Coordinator,15-Mar-2019,NaN,Male,Montpellier
E1984,Roland,Benard,Human Resources,Machine Learning Engineer,09-May-2024,12-Oct-2025,Female,Montpellier
E1230,Nicole,Robin,hr,VP of Sales,14-Mar-2022,20-Mar-2023,"",Nantes
E1812,Anouk,Laporte,Human Resources,Financial Analyst,25-Nov-2015,NaN,Non-Binary,Montpellier
E1514,Capucine,Diaz,Sales,Solutions Engineer,10-Nov-2022,16-Nov-2024,Male,Paris
E1582,Gilbert,Voisin,Finance,Account Executive,02-Dec-2020,NaN,Non-Binary,Montpellier
E1468,Alix,Gaillard,sales,Frontend Engineer,30-Oct-2023,NaN,"",Montpellier
E1787,Adrienne,Klein, Engineering,Specialist,12-Oct-2021,NaN,Non-Binary,Nantes
E1260,Céline,Payet,Human Resources,Customer Success Manager,19-Oct-2024,NaN,Non-Binary,Remote
E1715,Élodie,Joubert,Human Resources,Talent Acquisition Specialist,25-Jun-2023,06-Oct-2024,"",Nantes
E1607,Alexandria,Humbert,Sales,FP&A Manager,28-Sep-2019,09-Mar-2023,Unknown,Montpellier
E1013,Alphonse,Clerc,Finance,Payroll Specialist,24-Dec-2018,NaN,Non-Binary,Lyon
E1008,Timothée,Labbé,Engineering,Coordinator,03-Jul-2020,NaN,Female,Lyon
E1086,Denis,Merle,Marketing,VP of Sales,25-Mar-2023,NaN,Female,Remote
E1306,Marine,Briand,FINANCE,Regional Sales Director,26-May-2021,NaN,Unknown,Lyon
E1769,Chantal,Perrin, Engineering,Controller,21-Jan-2017,NaN,Female,Bordeaux
E1660,Jacques,Hervé,Engineering,Solutions Engineer,24-Feb-2019,15-Jan-2021,Non-Binary,Lyon
E1052,Margaux,Rolland,sales,HR Coordinator,20-May-2016,NaN,"",Montpellier
E1855,Zacharie,Martin,HR,Sales Development Rep,03-Apr-2023,27-Jun-2025,Male,Nantes
E1598,Denise,Ferrand,Marketing,Internal Auditor,04-Jul-2016,NaN,NaN,Nantes
E1095,Bertrand,Guérin,Marketing,Accountant,28-Nov-2020,29-Oct-2022,"",Bordeaux
E1106,Juliette,Martinez,Marketing,Specialist,22-Oct-2019,NaN,Female,Bordeaux
E1301,Marie,Lecomte,Finance,DevOps Engineer,22-Sep-2019,17-Sep-2024,Male,Lyon
E1172,Henriette,Barre, Engineering,Controller,23-Jun-2024,NaN,Female,Montpellier
E1495,Alfred,Andre, Engineering,SEO Specialist,20-Jul-2017,16-Feb-2023,Unknown,Remote
E1104,Vincent,Rivière,Human Resources,Frontend Engineer,30-Apr-2021,NaN,Non-Binary,Paris
E1358,Marthe,Vincent,Marketing,Data Scientist,20-Feb-2023,NaN,Unknown,Remote
E1604,Alphonse,Guyot,FINANCE,Machine Learning Engineer,09-Mar-2022,NaN,Non-Binary,Paris
E1939,Sabine,Blanchard,Human Resources,Frontend Engineer,13-Mar-2017,NaN,Male,Lyon
E1902,Georges,Andre,HR,VP of Sales,05-Dec-2016,NaN,Male,Remote
E1670,Roland,Grégoire,Engineering,FP&A Manager,27-Mar-2019,NaN,Non-Binary,Nantes
E1937,Eugène,Auger,Engineering,Technical Lead,11-Jan-2022,13-May-2025,"",Montpellier
E1783,Jeannine,Raymond,Finance,Financial Analyst,02-Dec-2022,NaN,Non-Binary,Remote
E1697,Alex,Gimenez,FINANCE,Sales Manager,07-May-2019,01-Sep-2025,Female,Paris
E1826,Pauline,Torres,Human Resources,HR Business Partner,04-Apr-2020,26-Mar-2022,"",Nantes
E1886,Astrid,Marty,Engineering,VP of Sales,19-Apr-2017,NaN,Non-Binary,Nantes
E1524,Christiane,Pinto,Engineering,Marketing Manager,01-Apr-2017,NaN,Unknown,Paris
E1461,Pierre,Dufour,FINANCE,Associate,04-Aug-2018,NaN,Non-Binary,Lyon
E1436,Catherine,Gimenez, Engineering,Backend Engineer,22-Oct-2023,NaN,Male,Paris
E1777,Jean,Étienne,Human Resources,QA Engineer,13-Aug-2018,NaN,Male,Lyon
E1568,Franck,Pelletier,FINANCE,Accountant,10-Feb-2020,NaN,NaN,Montpellier
E1298,Luc,Martin,Sales ,HR Business Partner,07-Mar-2016,NaN,NaN,Nantes
E1815,Gérard,Lopez,HR,HR Business Partner,29-Oct-2019,NaN,Female,Remote
E1319,Audrey,Rodrigues,Finance,Brand Manager,25-Jun-2024,03-Sep-2025,Unknown,Nantes
E1362,Denise,Bernier,Sales,Specialist,01-Sep-2024,NaN,Non-Binary,Montpellier
E1676,Gabrielle,Bouvier,hr,Specialist,17-May-2018,NaN,Unknown,Bordeaux
E1908,Anaïs,Bruneau,Sales,Talent Acquisition Specialist,20-Feb-2021,26-Dec-2024,Unknown,Bordeaux
E1601,Margaret,Guillou,Sales ,People Analyst,08-Nov-2019,NaN,Non-Binary,Nantes
E1073,Christelle,Legros,Sales ,Account Executive,30-Nov-2017,NaN,Unknown,Remote
E1784,Clémence,Pottier,Finance,Sales Manager,25-Aug-2022,25-Jun-2024,Male,Paris
E1749,Éléonore,Garcia,Finance,Software Engineer,04-Feb-2018,NaN,Female,Nantes
E1217,Geneviève,Bruneau,Finance,Account Executive,08-Dec-2019,NaN,Non-Binary,Nantes
E1537,Claude,Brunel,NaN,Senior Accountant,27-Nov-2016,NaN,Non-Binary,Montpellier
E1168,Henri,Bouvier,sales,Associate,06-Nov-2020,NaN,NaN,Remote
E1716,Amélie,Charpentier,HR,Content Strategist,12-Jun-2017,18-Apr-2021,Female,Paris
E1185,Bernadette,Weber,Sales ,Internal Auditor,18-Jun-2023,15-Jul-2024,Non-Binary,Montpellier
E1158,Virginie,Valette,HR,Regional Sales Director,02-Sep-2022,NaN,NaN,Montpellier
E1893,Agathe,Bernier,FINANCE,Sales Development Rep,08-Apr-2018,NaN,Non-Binary,Nantes
E1683,Maryse,Teixeira,FINANCE,Specialist,06-Jun-2016,NaN,Unknown,Nantes
E1196,Auguste,Pires,HR,Compensation Analyst,22-Jul-2020,15-May-2024,Female,Nantes
E1610,Geneviève,Roux,sales,Payroll Specialist,04-Jun-2022,NaN,NaN,Paris
E1048,Georges,Maillot,FINANCE,HR Data Scientist,20-Dec-2017,NaN,Female,Lyon
E1342,Agnès,Grégoire,HR,Financial Analyst,18-Aug-2016,NaN,Non-Binary,Nantes
E1533,Georges,Cousin,Finance,Senior Accountant,05-Oct-2018,15-May-2025,Non-Binary,Lyon
E1700,Zoé,Boucher, Engineering,Solutions Engineer,28-Oct-2016,NaN,NaN,Bordeaux
E1725,Lucie,Lacroix,Human Resources,Analyst,14-Jul-2024,NaN,Female,Bordeaux
E1405,Antoine,Coste,hr,VP of Sales,13-Feb-2020,NaN,NaN,Montpellier
E1630,Marcelle,Mallet,Sales ,HR Business Partner,07-Feb-2018,07-Jan-2024,Female,Bordeaux
E1504,Sophie,Baron,Finance,Machine Learning Engineer,06-Aug-2017,NaN,"",Remote
E1335,Thérèse,Thierry, Engineering,HR Machine Learning Engineer,28-Apr-2021,NaN,Female,Bordeaux
E1946,Jules,Bourgeois,Engineering,DevOps Engineer,06-Aug-2024,05-Sep-2025,Female,Paris
E1770,Élise,Tanguy,sales,Frontend Engineer,01-Mar-2016,NaN,Non-Binary,Paris
E1454,Thérèse,Bertin,Sales,Payroll Specialist,07-Sep-2017,25-Feb-2023,Non-Binary,Lyon
E1356,Catherine,Traore,Human Resources,Backend Engineer,14-Oct-2020,NaN,"",Remote
E1063,Isabelle,Dupuis,Engineering,Marketing Manager,26-Sep-2020,12-Sep-2023,Female,Nantes
E1221,Alice,Roux,hr,VP of Sales,18-Apr-2023,NaN,Non-Binary,Montpellier
E1152,Colette,Bernier, Engineering,HR Data Scientist,21-Oct-2018,NaN,Unknown,Montpellier
E1652,Juliette,Rodrigues,Engineering,Inside Sales Rep,06-Jun-2016,15-Oct-2021,Unknown,Nantes
E1242,Pauline,Hamon,Marketing,Account Executive,22-Oct-2019,NaN,Male,Lyon
E1904,Martin,Baudry,Sales ,Inside Sales Rep,09-Jun-2021,NaN,NaN,Montpellier
E1001,Joséphine,Muller,Marketing,Coordinator,24-Aug-2020,NaN,"",Paris
E1282,Lucy,Da Silva,Human Resources,Regional Sales Director,05-Jan-2017,NaN,Unknown,Montpellier
E1108,Noémi,Bodin,Human Resources,Machine Learning Engineer,05-Apr-2017,NaN,"",Remote
E1618,Margaux,Dumas,hr,Technical Lead,13-Oct-2019,06-Sep-2023,Male,Remote
E1379,Josette,Legros,HR,Data Scientist,31-May-2017,NaN,Female,Montpellier
E1243,Stéphane,Toussaint, Engineering,Product Marketing Manager,31-Jan-2017,13-Aug-2021,NaN,Nantes
E1587,Denis,Collet,Marketing,HR Data Scientist,27-Mar-2016,NaN,Female,Remote
E1288,Émile,Blanchard,NaN,Backend Engineer,01-Feb-2017,01-Apr-2019,"",Montpellier
E1662,Alex,Blin,FINANCE,Frontend Engineer,18-Apr-2023,21-Sep-2024,Male,Bordeaux
E1970,Hugues,Auger,FINANCE,Talent Acquisition Specialist,08-Apr-2018,01-Aug-2022,Non-Binary,Montpellier
E1730,Augustin,Clerc,Finance,Engineering Manager,29-Apr-2018,16-Sep-2021,Unknown,Lyon
E1736,Margaux,Lecomte,sales,FP&A Manager,15-Aug-2020,15-Nov-2023,Female,Montpellier
E1022,Zacharie,Clerc,HR,Financial Analyst,15-Dec-2019,NaN,Female,Bordeaux
E1138,Martin,Garnier,Sales,Compensation Analyst,05-Feb-2024,NaN,Non-Binary,Montpellier
E1428,Alexandrie,Gonzalez,Engineering,Sales Manager,30-Nov-2022,NaN,Male,Lyon
E1741,Valérie,Chauveau, Engineering,HR Data Scientist,06-Mar-2018,10-Jul-2023,Non-Binary,Nantes
E1957,Olivie,Marie,Sales ,VP of Sales,19-Sep-2017,NaN,"",Paris
E1959,Frédéric,Mallet,hr,Accountant,15-Jan-2018,17-Aug-2024,Male,Montpellier
E1393,Lucy,Moreau,Marketing,HR Coordinator,07-Dec-2015,NaN,Unknown,Paris
E1934,Martin,Baudry,Sales ,Frontend Engineer,27-May-2021,NaN,NaN,Paris
E1647,Joséphine,Riou,Finance,Senior Accountant,08-Feb-2019,NaN,Female,Bordeaux
E1469,Diane,Deschamps,Engineering,Controller,21-Apr-2017,06-Dec-2021,Non-Binary,Remote
E1763,Antoinette,Bernard,Sales ,Internal Auditor,24-Oct-2016,NaN,Non-Binary,Paris
E1987,Antoine,Garnier,Engineering,Sales Manager,29-May-2022,NaN,Unknown,Remote
E1917,Raymond,Dumas,Engineering,Regional Sales Director,08-Apr-2022,08-Apr-2024,Male,Remote
E1126,Louis,Weber,Finance,Internal Auditor,30-Jun-2018,NaN,Unknown,Lyon
E1093,Zoé,Lacombe,hr,HR Machine Learning Engineer,21-Apr-2018,NaN,"",Bordeaux
E1299,Jean,Regnier, Engineering,HR Data Scientist,28-Nov-2019,12-Oct-2025,Female,Nantes
E1069,André,Lucas,Engineering,Engineering Manager,20-Jan-2017,25-Mar-2018,Female,Nantes
E1527,Renée,Rodriguez,Sales ,Customer Success Manager,24-Apr-2021,NaN,Male,Nantes
E1414,Christelle,Hernandez,hr,Financial Analyst,09-Jun-2023,NaN,Female,Montpellier
E1163,Margaux,Grégoire,FINANCE,Data Scientist,12-Feb-2024,NaN,Unknown,Bordeaux
E1530,Danielle,Chauvin,Marketing,Technical Lead,29-Mar-2021,27-Dec-2024,"",Montpellier
E1026,Christophe,Munoz,"",Inside Sales Rep,06-Apr-2017,NaN,Female,Bordeaux
E1856,Agnès,Thibault,Engineering,People Analyst,25-Oct-2024,NaN,Unknown,Nantes
E1782,Marthe,Thierry,sales,Product Marketing Manager,29-Jan-2017,27-May-2019,Non-Binary,Bordeaux
E1028,Anastasie,Laporte,Marketing,People Analyst,19-Dec-2023,NaN,Unknown,Montpellier
E1561,Marcel,Faivre,sales,Regional Sales Director,09-May-2018,NaN,NaN,Montpellier
E1576,Michelle,Martin,Sales ,Inside Sales Rep,14-May-2020,NaN,Male,Paris
E1800,Charlotte,Ramos,Sales,Digital Marketing Analyst,03-Oct-2020,NaN,Non-Binary,Paris
E1112,Marguerite,Hoarau, Engineering,People Analyst,03-Jan-2023,NaN,Female,Montpellier
E1861,Catherine,Roussel,FINANCE,Digital Marketing Analyst,07-Mar-2021,NaN,Non-Binary,Lyon
E1115,Yves,Leroux,"",Brand Manager,23-Apr-2021,NaN,Non-Binary,Remote
E1137,Gérard,Blanc,HR,Controller,27-May-2017,NaN,Unknown,Lyon
E1439,Gilbert,Marchal,Engineering,People Analyst,12-Oct-2017,NaN,Unknown,Nantes
E1020,Madeleine,Olivier,Human Resources,VP of Sales,28-Oct-2024,29-Oct-2025,Non-Binary,Remote
E1081,Marguerite,Coste,Engineering,People Analyst,01-Aug-2022,12-May-2024,"",Lyon
E1258,Anne,Legros,Sales ,HR Coordinator,26-Feb-2019,24-Mar-2024,Unknown,Lyon
E1595,Manon,Pires,Engineering,Solutions Engineer,14-Apr-2021,NaN,NaN,Lyon
E1445,Jeanne,Coste,Finance,Solutions Engineer,29-Dec-2021,NaN,"",Lyon
E1053,Nicolas,Germain,FINANCE,QA Engineer,03-Jul-2024,04-Jul-2025,NaN,Remote
E1448,Adrien,Dupré,HR,Engineering Manager,07-Aug-2018,NaN,Non-Binary,Montpellier
E1611,Emmanuel,Weiss,Sales ,Internal Auditor,14-Dec-2023,13-Feb-2025,Female,Lyon
E1418,Noël,Picard,Sales,Solutions Engineer,10-Feb-2022,NaN,NaN,Paris
E1433,Arthur,Gautier,Engineering,Payroll Specialist,26-Dec-2019,27-Oct-2022,Unknown,Paris
E1977,Camille,Robin,Human Resources,Internal Auditor,29-Apr-2022,NaN,Female,Bordeaux
E1740,Élisabeth,Courtois,"",Account Executive,23-Oct-2022,27-Jan-2024,Unknown,Bordeaux
E1333,Capucine,Moulin,Finance,Customer Success Manager,06-May-2020,NaN,Male,Bordeaux
E1973,Tristan,Martinez,sales,FP&A Manager,21-Jul-2018,21-Feb-2020,NaN,Nantes
E1457,Jacques,Baudry,Sales ,Regional Sales Director,07-Feb-2016,NaN,NaN,Lyon
E1566,Roger,Roche,Marketing,Inside Sales Rep,17-Feb-2019,NaN,Non-Binary,Paris
E1182,William,Delahaye,Sales,Inside Sales Rep,06-Nov-2017,NaN,Male,Nantes
E1103,Alfred,Ollivier,NaN,Regional Sales Director,09-Feb-2022,NaN,NaN,Montpellier
E1404,Valérie,Mathieu,sales,Payroll Specialist,06-Mar-2017,NaN,Unknown,Paris
E1539,Hortense,Delannoy,Finance,Inside Sales Rep,28-Feb-2023,NaN,NaN,Nantes
E1175,Monique,Hoarau,Finance,VP of Sales,14-May-2021,NaN,Male,Remote
E1483,Sabine,Perrot,Marketing,FP&A Manager,11-Sep-2017,NaN,Male,Paris
E1382,Alexandrie,Clerc,hr,Digital Marketing Analyst,24-Aug-2017,NaN,Unknown,Paris
E1992,Sabine,Bazin,HR,Coordinator,18-May-2023,NaN,Female,Lyon
E1518,Adélaïde,Lemaire,Marketing,Accountant,15-Jan-2024,28-May-2025,Male,Nantes
E1712,Antoine,Lagarde,Sales ,Analyst,19-Jun-2018,14-Feb-2022,Unknown,Remote
E1287,Louise,Launay,HR,Solutions Engineer,19-Jun-2017,NaN,"",Bordeaux
E1116,Émile,Lefèvre,hr,Backend Engineer,14-Sep-2021,NaN,Male,Remote
E1231,Suzanne,Wagner,Sales ,Regional Sales Director,20-May-2017,NaN,Unknown,Lyon
E1521,Hélène,Jean, Engineering,Sales Manager,26-Jan-2020,NaN,NaN,Lyon
E1459,Grégoire,Guillou,HR,Senior Accountant,06-Jun-2021,NaN,Female,Paris
E1256,Henriette,Marie,Sales ,HR Coordinator,07-Feb-2023,NaN,"",Bordeaux
E1047,Élisabeth,Laporte,FINANCE,Sales Development Rep,28-Jun-2022,13-Dec-2023,Male,Nantes
E1094,Claire,Mahe,HR,HR Machine Learning Engineer,15-Mar-2021,NaN,Female,Remote
E1693,Patrick,Marty,Sales,Software Engineer,05-Nov-2023,08-Apr-2025,Unknown,Lyon
E1417,Marguerite,Mary,HR,Solutions Engineer,21-Aug-2019,19-Jul-2025,Non-Binary,Montpellier
E1629,Céline,Devaux,hr,Frontend Engineer,19-Aug-2023,05-Sep-2024,Non-Binary,Lyon
E1440,Laurent,Rousset,hr,Coordinator,01-Aug-2023,12-Mar-2025,Male,Nantes
E1386,Arthur,Gaudin,FINANCE,Social Media Manager,04-Oct-2024,NaN,"",Montpellier
E1926,Élisabeth,Besnard,Sales,Financial Analyst,21-Aug-2019,NaN,NaN,Montpellier
E1025,Margaret,Bonneau,Sales ,Financial Analyst,25-Nov-2017,07-Aug-2022,"",Montpellier
E1028,Léon,Peron,Marketing,VP of Sales,24-May-2021,NaN,Male,Montpellier
E1476,André,Devaux,FINANCE,HR Coordinator,11-Feb-2019,NaN,Unknown,Lyon
E1181,Amélie,Toussaint,HR,VP of Sales,27-Jan-2018,NaN,Female,Nantes
E1427,Auguste,Lefort,Sales ,Sales Development Rep,03-Sep-2016,NaN,Unknown,Nantes
E1637,Édouard,Laporte,"",Analyst,05-Apr-2020,NaN,Female,Bordeaux
E1491,Maurice,Royer,HR,Content Strategist,06-Jul-2024,NaN,Female,Bordeaux
E1167,Pénélope,Faivre,HR,Customer Success Manager,14-Sep-2021,02-Sep-2025,"",Nantes
E1920,Éléonore,Guillet,Engineering,Accountant,09-Oct-2024,NaN,Female,Paris
E1273,Olivier,Breton,Marketing,HR Machine Learning Engineer,17-Apr-2023,12-Aug-2024,Female,Montpellier
E1950,David,Evrard,hr,Accountant,09-Jan-2023,NaN,Unknown,Lyon
E1170,Laurence,Leclercq,Sales,Account Executive,11-Sep-2019,22-Apr-2024,Female,Montpellier
E1550,Marcel,Daniel,HR,VP of Sales,31-Oct-2018,NaN,Female,Montpellier
E1186,Susan,Vaillant, Engineering,Account Executive,20-Dec-2017,NaN,"",Paris
E1596,Constance,Perrot, Engineering,Sales Development Rep,05-Aug-2018,25-Sep-2020,"",Paris
E1334,Augustin,Thierry,hr,Associate,21-May-2022,NaN,Non-Binary,Paris
E1507,Alex,Marchal,hr,People Analyst,30-Dec-2021,11-Apr-2024,Male,Lyon
E1447,Jacques,Morel, Engineering,HR Data Scientist,24-Mar-2019,NaN,Non-Binary,Nantes
E1396,Noémi,Guilbert, Engineering,Machine Learning Engineer,17-Nov-2023,NaN,NaN,Montpellier
E1036,Charles,Pottier,Engineering,Analyst,24-Nov-2015,NaN,Male,Montpellier
E1982,Hélène,Jean,sales,DevOps Engineer,18-May-2024,NaN,Unknown,Bordeaux
E1128,Adrienne,Denis,Human Resources,Specialist,22-Mar-2017,NaN,Non-Binary,Nantes
E1033,Emmanuel,Lefebvre,Engineering,Content Strategist,02-Mar-2019,NaN,Male,Bordeaux
E1674,Amélie,Renaud,Sales,Graphic Designer,20-Oct-2020,NaN,NaN,Nantes
E1519,Julie,Mendès,Marketing,Regional Sales Director,27-Sep-2017,NaN,Male,Montpellier
E1985,Olivie,Robert,Marketing,Software Engineer,16-Mar-2016,NaN,NaN,Remote
E1909,Michèle,Lecomte,FINANCE,FP&A Manager,25-Aug-2016,23-May-2021,NaN,Lyon
E1754,Julie,Verdier,sales,Data Scientist,07-May-2023,NaN,NaN,Lyon
E1943,Thomas,Mace,hr,Compensation Analyst,20-Jan-2017,16-Apr-2024,Non-Binary,Paris
E1398,Andrée,Lelièvre,Sales,HR Machine Learning Engineer,11-Mar-2017,NaN,Unknown,Lyon
E1702,Thierry,Diallo,Finance,Customer Success Manager,19-Mar-2016,02-May-2021,NaN,Lyon
E1534,Laure,Bouvet, Engineering,Internal Auditor,07-Jan-2018,NaN,Female,Remote
E1797,Sylvie,Blanchet,hr,Payroll Specialist,15-Nov-2017,18-Jan-2020,"",Bordeaux
E1897,Corinne,Chauveau,sales,Technical Lead,05-Jan-2024,15-Jul-2025,Female,Remote
E1021,Arthur,Vallée,Sales ,Social Media Manager,17-Sep-2022,22-Nov-2024,Unknown,Bordeaux
E1389,Marc,Collet,sales,Talent Acquisition Specialist,20-Aug-2019,NaN,Female,Bordeaux
E1311,Corinne,Foucher,Sales,Regional Sales Director,26-May-2024,NaN,NaN,Nantes
E1281,Jérôme,Menard,NaN,Senior Accountant,06-Jun-2017,26-Jul-2018,Non-Binary,Bordeaux
E1528,Anouk,Mathieu, Engineering,Regional Sales Director,24-Jan-2019,NaN,Unknown,Remote
E1659,Colette,Dos Santos,Finance,Talent Acquisition Specialist,07-Dec-2022,NaN,Unknown,Bordeaux
E1844,Lucas,Giraud,FINANCE,Talent Acquisition Specialist,04-May-2022,24-Jan-2025,NaN,Remote
E1817,Stéphane,Toussaint,Human Resources,Senior Accountant,23-Sep-2017,NaN,Female,Paris
E1675,Laure,Gaillard,Sales,Senior Software Engineer,13-Oct-2023,NaN,NaN,Nantes
E1661,Claire,Morvan,HR,HR Coordinator,28-Sep-2019,15-Jan-2022,Unknown,Paris
E1819,Sébastien,Charrier,Engineering,Sales Manager,17-Jan-2023,NaN,Male,Paris
E1586,Marthe,Diaz,Sales,Coordinator,02-May-2023,NaN,Non-Binary,Remote
E1512,Richard,Berger,Finance,FP&A Manager,08-Jun-2016,NaN,Unknown,Paris
E1166,Renée,Moreau,sales,Talent Acquisition Specialist,20-Jan-2022,NaN,Unknown,Nantes
E1588,Daniel,Pages,Finance,Associate,08-Mar-2019,NaN,Non-Binary,Lyon
E1150,Charlotte,Pottier,Engineering,Senior Software Engineer,29-Sep-2017,25-Mar-2025,Unknown,Paris
E1746,Gilbert,Blondel,Marketing,SEO Specialist,11-Feb-2016,NaN,Non-Binary,Nantes
E1129,Patricia,Clément,Sales,Accountant,16-May-2018,NaN,Female,Lyon
E1180,Gabriel,Jacques,sales,People Analyst,14-Aug-2024,NaN,Unknown,Montpellier
E1377,Gabriel,Raymond,Sales,HR Business Partner,19-Aug-2021,NaN,NaN,Nantes
E1612,Zacharie,Perrin,HR,Controller,12-Oct-2022,NaN,"",Bordeaux
E1359,Zacharie,Martin,FINANCE,Backend Engineer,13-Sep-2016,NaN,Non-Binary,Nantes
E1755,Noémi,Millet,HR,Backend Engineer,06-Mar-2022,NaN,NaN,Lyon
E1631,René,Leleu,sales,HR Data Scientist,19-Jan-2019,25-Nov-2020,"",Lyon
E1121,Alexandre,Raynaud,Sales,Data Scientist,21-Aug-2022,NaN,Unknown,Montpellier
E1061,Hortense,Da Silva,FINANCE,Regional Sales Director,15-Jan-2024,NaN,"",Remote
E1111,Adèle,Costa,Marketing,DevOps Engineer,10-Mar-2023,NaN,NaN,Nantes
E1272,Isabelle,Leroux,Finance,Compensation Analyst,30-May-2017,NaN,Male,Paris
E1452,Benoît,Foucher,Finance,Sales Manager,24-May-2021,21-Apr-2023,Non-Binary,Bordeaux
E1603,Inès,Alves,NaN,Specialist,01-Feb-2016,04-Jun-2021,Unknown,Paris
E1593,Élisabeth,Moreno,Human Resources,Account Executive,07-Oct-2017,NaN,Unknown,Nantes
E1009,Pénélope,Colas,HR,Graphic Designer,25-Sep-2019,NaN,Unknown,Bordeaux
E1117,Éléonore,Ruiz,hr,QA Engineer,16-Oct-2022,NaN,Unknown,Nantes
E1420,André,Lelièvre,Human Resources,Inside Sales Rep,16-Aug-2023,NaN,"",Lyon
E1996,François,Lombard,Human Resources,Brand Manager,15-Mar-2021,NaN,Male,Bordeaux
E1938,Susan,Marques,"",Senior Accountant,21-Oct-2018,NaN,"",Paris
E1649,Philippine,Thomas, Engineering,Internal Auditor,05-Jan-2021,NaN,Male,Bordeaux
E1339,Maggie,Mace,HR,HR Coordinator,09-Apr-2022,05-Oct-2024,Non-Binary,Remote
E1701,Nathalie,Berger,Marketing,Internal Auditor,26-Jul-2019,NaN,Female,Lyon
E1750,Étienne,Brun,HR,Sales Development Rep,17-Apr-2016,NaN,Non-Binary,Bordeaux
E1722,Suzanne,Tanguy,Human Resources,Brand Manager,13-May-2021,NaN,Male,Lyon
E1038,Marguerite,Chauvet, Engineering,Engineering Manager,07-Jun-2017,NaN,NaN,Montpellier
E1246,William,Gimenez,hr,QA Engineer,30-Nov-2023,26-Jun-2025,NaN,Remote
E1868,Étienne,Chauveau,Finance,Content Strategist,31-Dec-2020,31-Dec-2024,NaN,Nantes
E1613,Daniel,Navarro,HR,DevOps Engineer,22-Feb-2016,NaN,Male,Nantes
E1423,Manon,Peron,sales,Sales Development Rep,19-May-2023,20-Jul-2024,NaN,Lyon
E1055,Olivier,Philippe,Finance,Payroll Specialist,26-Apr-2020,24-Jul-2022,Female,Remote
E1238,Henri,Cohen,Human Resources,Coordinator,18-Oct-2023,NaN,NaN,Nantes
E1444,Matthieu,Boutin,Engineering,Marketing Manager,16-Jan-2017,NaN,Female,Paris
E1606,Agathe,Gautier,Finance,Senior Accountant,04-Jul-2022,NaN,Non-Binary,Nantes
E1392,Antoinette,Maillot,Engineering,Financial Analyst,07-Jun-2017,NaN,NaN,Montpellier
E1963,Émilie,Lambert,Sales,Customer Success Manager,07-Mar-2018,23-Jul-2022,Unknown,Lyon
E1004,Pénélope,Maurice,sales,Specialist,08-May-2023,NaN,"",Montpellier
E1227,Maryse,Besson,hr,Regional Sales Director,18-Oct-2020,NaN,Female,Paris
E1975,Jacqueline,Fleury,Human Resources,Data Scientist,11-Oct-2017,NaN,Male,Montpellier
E1214,Michel,Launay,sales,People Analyst,12-Aug-2021,04-Mar-2024,Non-Binary,Montpellier
E1522,Marianne,Carlier,Finance,Talent Acquisition Specialist,19-Oct-2019,11-Jan-2025,NaN,Bordeaux
E1705,Thibault,Rey,Marketing,People Analyst,18-Jun-2018,NaN,"",Bordeaux
E1876,Alice,Da Silva,Engineering,People Analyst,16-Jan-2020,NaN,Male,Bordeaux
E1216,Célina,Joubert,HR,Specialist,03-Feb-2024,NaN,Female,Bordeaux
E1357,Valentine,Garnier,Sales,Inside Sales Rep,10-Nov-2017,NaN,Male,Nantes
E1113,Thibaut,Wagner,Finance,HR Data Scientist,17-Jun-2020,NaN,Non-Binary,Paris
E1096,Danielle,Jacques,Engineering,Specialist,28-Feb-2024,NaN,Male,Nantes
E1802,Renée,Noël,FINANCE,Regional Sales Director,04-Mar-2019,NaN,Male,Nantes
E1882,Laurent,Gay,Finance,HR Machine Learning Engineer,27-Dec-2019,NaN,Non-Binary,Remote
E1307,Véronique,Aubry,Marketing,Accountant,09-Nov-2022,NaN,"",Montpellier
E1885,Thérèse,Hebert,Human Resources,Internal Auditor,04-Aug-2021,NaN,Female,Paris
E1771,Henriette,Godard,Finance,VP of Sales,02-Nov-2018,NaN,"",Nantes
E1051,Bernard,Guibert,Sales,Digital Marketing Analyst,29-Aug-2017,01-Nov-2020,"",Remote
E1082,Alain,Clerc,Human Resources,Inside Sales Rep,31-Mar-2018,08-Sep-2022,Male,Remote
E1135,Guillaume,Couturier,sales,Controller,15-May-2016,NaN,"",Paris
E1999,Henri,Maillard, Engineering,Engineering Manager,06-Oct-2020,NaN,Non-Binary,Nantes
E1955,Thomas,Masse,HR,Compensation Analyst,03-Mar-2017,12-Apr-2024,Female,Bordeaux
E1032,Léon,Carre, Engineering,Payroll Specialist,12-Aug-2017,NaN,Male,Paris
E1237,Martine,Poulain,Sales,Inside Sales Rep,14-Apr-2017,NaN,NaN,Remote
E1187,Yves,Fleury,Finance,Solutions Engineer,13-Dec-2023,NaN,NaN,Montpellier
E1244,Émilie,Roche,Marketing,HR Data Scientist,05-Apr-2021,17-Dec-2022,Non-Binary,Montpellier
E1694,Laurent,Bonnet,NaN,Compensation Analyst,09-May-2020,09-Feb-2023,Male,Nantes
E1250,Sylvie,Guillot,Engineering,Product Marketing Manager,19-Jun-2024,23-Oct-2025,Male,Lyon
E1951,Laurent,Bailly,Finance,VP of Sales,18-Jun-2023,11-Apr-2025,"",Paris
E1952,Christine,Grondin,Marketing,Account Executive,16-Jul-2024,28-Aug-2025,Non-Binary,Nantes
E1215,Henriette,Chevalier,sales,HR Business Partner,07-May-2024,NaN,Female,Nantes
E1739,Zoé,Menard,Finance,People Analyst,07-Nov-2023,NaN,Unknown,Bordeaux
E1531,Roger,Dumont,Engineering,Coordinator,27-May-2024,NaN,Female,Lyon
E1394,Patrick,Pascal,hr,FP&A Manager,25-Jan-2017,NaN,Male,Bordeaux
E1161,Juliette,Raynaud, Engineering,HR Coordinator,13-Apr-2016,05-Apr-2022,Female,Montpellier
E1234,Olivie,Huet,Sales,Compensation Analyst,06-Feb-2024,NaN,NaN,Lyon
E1699,Agathe,Pruvost,Finance,Brand Manager,10-Mar-2022,13-Sep-2025,Female,Nantes
E1871,Laetitia,Bodin,HR,Controller,11-Dec-2022,NaN,Female,Remote
E1571,Cécile,Valentin,NaN,People Analyst,31-Dec-2017,30-Sep-2023,Non-Binary,Paris
E1466,Capucine,Samson,sales,Specialist,08-May-2020,NaN,Male,Lyon
E1043,Andrée,Bouvet,Marketing,HR Business Partner,06-Jan-2017,NaN,NaN,Montpellier
E1564,Aurore,Loiseau,Sales,Internal Auditor,13-Mar-2023,29-Mar-2024,"",Bordeaux
E1437,Dorothée,Gonzalez, Engineering,Talent Acquisition Specialist,29-Jan-2021,NaN,NaN,Nantes
E1305,Édith,Lévêque,Sales,Data Scientist,02-Jan-2019,26-Oct-2020,NaN,Montpellier
E1470,Marguerite,Martinez,Sales,HR Machine Learning Engineer,14-Aug-2023,19-Jun-2025,Unknown,Remote
E1494,Jules,Adam,HR,Sales Development Rep,01-Mar-2018,NaN,NaN,Bordeaux
E1572,Marie,Richard, Engineering,People Analyst,03-Aug-2020,NaN,Unknown,Montpellier
E1664,Émile,Mallet,Human Resources,HR Business Partner,24-Feb-2021,NaN,NaN,Lyon
E1988,Georges,Leclercq,Finance,Solutions Engineer,20-Feb-2023,10-Sep-2024,NaN,Lyon
E1065,Océane,Foucher,hr,VP of Sales,05-May-2022,NaN,NaN,Paris
E1338,Camille,Sauvage,Sales ,Payroll Specialist,27-May-2017,25-Sep-2023,Female,Lyon
E1655,Antoine,Dupuis,Finance,FP&A Manager,22-Oct-2024,NaN,Female,Nantes
E1849,Colette,Benoit,Marketing,Internal Auditor,18-Sep-2018,22-Jan-2025,Non-Binary,Montpellier
E1363,Adrienne,Ollivier,sales,Talent Acquisition Specialist,30-Apr-2021,NaN,Non-Binary,Nantes
E1321,René,Coste,Human Resources,HR Machine Learning Engineer,26-Aug-2022,NaN,"",Bordeaux
E1806,Franck,Descamps,sales,HR Machine Learning Engineer,23-Aug-2020,NaN,Non-Binary,Remote
E1380,Suzanne,Marchal,HR,Coordinator,01-Aug-2016,29-Apr-2024,Female,Bordeaux
E1472,Marie,Perrier,Sales ,Regional Sales Director,31-Dec-2019,NaN,Female,Nantes
E1133,Inès,Costa,Human Resources,FP&A Manager,25-Apr-2019,16-Aug-2021,Female,Remote
E1976,Mathilde,Berthelot,Sales,Social Media Manager,12-Dec-2018,NaN,NaN,Montpellier
E1434,Andrée,Rocher,Finance,HR Coordinator,10-Jan-2016,NaN,Unknown,Paris
E1933,Isaac,Dupont,Human Resources,Senior Software Engineer,12-Apr-2020,NaN,Unknown,Paris
E1686,Lucy,Pineau,Finance,Solutions Engineer,14-Jun-2023,NaN,Male,Lyon
E1981,Élise,Bègue,hr,Payroll Specialist,04-Jan-2024,NaN,Male,Lyon
E1635,Claire,Garcia,hr,Engineering Manager,16-Feb-2024,NaN,Unknown,Montpellier
E1316,Gilles,Julien,Human Resources,Regional Sales Director,14-Dec-2017,NaN,Female,Nantes
E1332,Adélaïde,Riou,Engineering,Marketing Manager,11-Aug-2020,NaN,NaN,Lyon
E1134,Christiane,Delmas,HR,HR Business Partner,01-May-2023,29-Jul-2024,Female,Nantes
E1681,Paul,Marion,FINANCE,Internal Auditor,16-Jun-2019,06-Apr-2021,Unknown,Bordeaux
E1014,Andrée,Simon,Sales,Coordinator,05-Mar-2016,NaN,Female,Lyon
E1012,Emmanuelle,Delorme,FINANCE,Machine Learning Engineer,23-Nov-2022,NaN,NaN,Remote
E1759,Catherine,Valentin,Marketing,Controller,05-Sep-2022,NaN,Unknown,Nantes
E1799,Céline,Pierre,Sales,Associate,15-Oct-2022,NaN,Non-Binary,Montpellier
E1827,Zacharie,Guillot,Finance,SEO Specialist,22-Dec-2017,NaN,Non-Binary,Nantes
E1413,Astrid,Mary,Engineering,Specialist,25-Aug-2020,07-Jan-2022,"",Lyon
E1851,Jérôme,Valentin,Sales ,Compensation Analyst,25-Apr-2021,NaN,"",Remote
E1555,Océane,Monnier,Marketing,Compensation Analyst,05-Aug-2018,27-Jan-2020,Non-Binary,Nantes
E1684,André,Lemonnier,Marketing,Engineering Manager,24-Sep-2018,NaN,"",Montpellier
E1143,Thomas,Joubert,hr,Technical Lead,03-Apr-2023,NaN,Female,Lyon
E1589,Cécile,Regnier,Sales,FP&A Manager,28-Apr-2017,17-Feb-2023,Female,Remote
E1927,Philippe,Devaux,Human Resources,Customer Success Manager,04-Jun-2018,NaN,NaN,Nantes
E1018,Margaux,Prévost,HR,Payroll Specialist,02-Feb-2017,NaN,Non-Binary,Lyon
E1218,Benoît,Roussel,HR,Sales Manager,03-May-2020,NaN,Unknown,Lyon
E1634,Thérèse,Renaud,hr,HR Business Partner,17-Nov-2015,NaN,Female,Bordeaux
E1408,Alexandrie,Lambert,Marketing,Senior Accountant,26-Jan-2024,04-Aug-2025,Non-Binary,Bordeaux
E1280,Audrey,Monnier,Engineering,Regional Sales Director,11-Jun-2017,NaN,"",Paris
E1148,Luce,Lenoir,Engineering,Backend Engineer,15-Sep-2019,NaN,Unknown,Bordeaux
E1913,Cécile,Gay,NaN,Analyst,23-Jun-2022,NaN,NaN,Nantes
E1599,Roland,Gay,HR,Sales Manager,17-Oct-2022,NaN,Unknown,Lyon
E1024,Robert,Gros, Engineering,Graphic Designer,27-Jan-2019,NaN,Male,Remote
E1501,Daniel,Fontaine,hr,Analyst,22-Sep-2018,NaN,Female,Paris
E1145,Lucie,Letellier,Sales ,Marketing Manager,29-Jan-2017,22-Apr-2019,Non-Binary,Remote
E1591,Isabelle,Jacques,Sales ,Sales Development Rep,20-May-2023,NaN,Unknown,Bordeaux
E1923,Émile,Blin,Finance,HR Data Scientist,11-Jun-2020,NaN,Female,Remote
E1673,Gilles,Vasseur, Engineering,Sales Development Rep,27-Dec-2018,NaN,Male,Nantes
E1590,Georges,Étienne,sales,Coordinator,09-Dec-2020,NaN,Non-Binary,Nantes
E1502,Michelle,Caron, Engineering,Inside Sales Rep,04-Apr-2019,NaN,NaN,Paris
E1910,Sylvie,Bègue,sales,Inside Sales Rep,09-Dec-2018,NaN,Male,Lyon
E1114,Anastasie,Colin,Engineering,Content Strategist,01-Jun-2017,NaN,NaN,Bordeaux
E1578,Maryse,Martineau, Engineering,Sales Development Rep,25-Feb-2022,NaN,NaN,Nantes
E1066,René,Ferrand,Finance,Data Scientist,16-Mar-2019,NaN,Male,Paris
E1543,Gilles,Joseph,Sales,People Analyst,23-Jul-2023,NaN,Male,Paris
E1807,Laure,Picard,sales,Machine Learning Engineer,17-Apr-2019,15-Nov-2023,Female,Paris
E1805,Martin,Blin,Finance,Financial Analyst,28-Jun-2019,NaN,Non-Binary,Bordeaux
E1654,Alexandre,Launay,hr,Engineering Manager,05-Aug-2019,NaN,Male,Lyon
E1978,Jérôme,Faure,Engineering,Accountant,11-Apr-2022,NaN,Female,Lyon
E1545,Daniel,Gomes,Sales ,Sales Development Rep,16-Jan-2023,NaN,Non-Binary,Remote
E1645,Nathalie,Sanchez,hr,Inside Sales Rep,18-Jan-2024,NaN,NaN,Nantes
E1213,Nicolas,Poirier,FINANCE,QA Engineer,14-Jan-2019,07-Jun-2022,Unknown,Montpellier
E1781,Thomas,Gomez,Finance,HR Business Partner,04-Dec-2022,20-Feb-2024,Unknown,Bordeaux
E1449,Renée,Lejeune,Sales ,Inside Sales Rep,18-May-2018,NaN,"",Bordeaux
E1842,Agnès,Bigot,FINANCE,HR Business Partner,29-Jun-2020,NaN,Non-Binary,Bordeaux
E1870,Valentine,Raymond,hr,Solutions Engineer,19-Jun-2016,12-Jul-2019,Male,Nantes
E1710,Théodore,Morel,Finance,Coordinator,04-Mar-2016,12-May-2019,"",Bordeaux
E1205,Arnaude,Bernier,Engineering,Specialist,08-Mar-2016,26-Feb-2022,Male,Lyon
E1945,Guillaume,Vidal,Human Resources,DevOps Engineer,24-Jan-2022,NaN,NaN,Bordeaux
E1153,Lucie,Germain,Finance,Sales Development Rep,05-Nov-2017,09-Oct-2021,Unknown,Remote
E1220,Xavier,Laurent,sales,Associate,09-May-2019,NaN,NaN,Bordeaux
E1054,Benoît,Giraud,Sales,Graphic Designer,30-Jul-2024,04-Aug-2025,Female,Bordeaux
E1559,Olivier,Blanc,FINANCE,Software Engineer,10-Apr-2016,NaN,"",Bordeaux
E1383,Bertrand,Adam,Sales ,Account Executive,09-Sep-2019,NaN,"",Nantes
E1076,Eugène,Bonnin,Engineering,QA Engineer,11-Jan-2018,NaN,Non-Binary,Remote
E1424,Nicolas,Richard,Sales ,HR Business Partner,29-Jan-2023,26-Aug-2024,"",Montpellier
E1300,Eugène,Albert,Sales ,HR Data Scientist,09-May-2019,NaN,Non-Binary,Lyon
E1544,Raymond,Gosselin,NaN,Backend Engineer,10-Jul-2021,NaN,Unknown,Paris
E1331,Simone,Collet,hr,Sales Development Rep,21-Feb-2020,NaN,Non-Binary,Paris
E1840,Guillaume,Munoz,FINANCE,Solutions Engineer,06-Nov-2018,NaN,Unknown,Bordeaux
E1852,Agnès,Meunier,Sales ,Specialist,23-Jul-2021,15-Dec-2022,"",Nantes
E1573,Marthe,Morvan,sales,Coordinator,01-Nov-2018,10-Apr-2020,Male,Lyon
E1496,Richard,Grenier, Engineering,Senior Software Engineer,20-May-2021,NaN,NaN,Remote
E1347,Marcel,De Sousa, Engineering,Account Executive,15-Feb-2022,NaN,Unknown,Nantes
E1828,Étienne,Peltier,Finance,Inside Sales Rep,27-Jan-2019,27-Jun-2025,Male,Lyon
E1078,Agnès,Legendre,NaN,Account Executive,11-Jun-2020,15-Jun-2021,Male,Nantes
E1644,Alex,Étienne,hr,Internal Auditor,05-Sep-2016,NaN,Male,Remote
E1509,Alex,Buisson,sales,Payroll Specialist,13-May-2017,01-Jul-2022,Male,Bordeaux
E1731,Patricia,Marchal,hr,Customer Success Manager,02-Oct-2019,NaN,Male,Bordeaux
E1125,Marcelle,Collet,Sales,Account Executive,07-Dec-2015,21-Feb-2021,Non-Binary,Remote
E1779,Daniel,Lecomte,sales,Financial Analyst,07-Mar-2018,NaN,Male,Montpellier
E1007,Philippine,Hamel,Engineering,People Analyst,04-Apr-2023,NaN,Unknown,Montpellier
E1360,Aurore,Chrétien,Engineering,Social Media Manager,03-Feb-2021,NaN,NaN,Bordeaux
E1017,Maurice,Buisson,Engineering,Internal Auditor,27-Feb-2020,NaN,"",Lyon
E1945,Vincent,Renard,FINANCE,Compensation Analyst,19-Aug-2019,NaN,Male,Montpellier
E1191,Gérard,Guyon, Engineering,HR Coordinator,12-Feb-2020,NaN,Female,Lyon
E1860,Audrey,Bernier,Sales,Payroll Specialist,17-Aug-2023,16-Oct-2024,Non-Binary,Nantes
